Using pre-set license
Built from '2022.3/staging' branch; Version is '2022.3.38f1 (c5d5a7410213) revision 12965287'; Using compiler version '192829333'; Build Type 'Release'
OS: 'Windows 11  (10.0.26100) 64bit CoreSingleLanguage' Language: 'ru' Physical Memory: 16087 MB
BatchMode: 1, IsHumanControllingUs: 0, StartBugReporterOnCrash: 0, Is64bit: 1, IsPro: 1

COMMAND LINE ARGUMENTS:
C:\Program Files\Unity\Hub\Editor\2022.3.38f1\Editor\Unity.exe
-adb2
-batchMode
-noUpm
-name
AssetImportWorker1
-projectPath
C:/Users/Masha/OneDrive/Рабочий стол/BelinskayaM_GUN37/My project
-logFile
Logs/AssetImportWorker1.log
-srvPort
59644
Successfully changed project path to: C:/Users/Masha/OneDrive/Рабочий стол/BelinskayaM_GUN37/My project
C:/Users/Masha/OneDrive/Рабочий стол/BelinskayaM_GUN37/My project
[UnityMemory] Configuration Parameters - Can be set up in boot.config
    "memorysetup-bucket-allocator-granularity=16"
    "memorysetup-bucket-allocator-bucket-count=8"
    "memorysetup-bucket-allocator-block-size=33554432"
    "memorysetup-bucket-allocator-block-count=8"
    "memorysetup-main-allocator-block-size=16777216"
    "memorysetup-thread-allocator-block-size=16777216"
    "memorysetup-gfx-main-allocator-block-size=16777216"
    "memorysetup-gfx-thread-allocator-block-size=16777216"
    "memorysetup-cache-allocator-block-size=4194304"
    "memorysetup-typetree-allocator-block-size=2097152"
    "memorysetup-profiler-bucket-allocator-granularity=16"
    "memorysetup-profiler-bucket-allocator-bucket-count=8"
    "memorysetup-profiler-bucket-allocator-block-size=33554432"
    "memorysetup-profiler-bucket-allocator-block-count=8"
    "memorysetup-profiler-allocator-block-size=16777216"
    "memorysetup-profiler-editor-allocator-block-size=1048576"
    "memorysetup-temp-allocator-size-main=16777216"
    "memorysetup-job-temp-allocator-block-size=2097152"
    "memorysetup-job-temp-allocator-block-size-background=1048576"
    "memorysetup-job-temp-allocator-reduction-small-platforms=262144"
    "memorysetup-allocator-temp-initial-block-size-main=262144"
    "memorysetup-allocator-temp-initial-block-size-worker=262144"
    "memorysetup-temp-allocator-size-background-worker=32768"
    "memorysetup-temp-allocator-size-job-worker=262144"
    "memorysetup-temp-allocator-size-preload-manager=33554432"
    "memorysetup-temp-allocator-size-nav-mesh-worker=65536"
    "memorysetup-temp-allocator-size-audio-worker=65536"
    "memorysetup-temp-allocator-size-cloud-worker=32768"
    "memorysetup-temp-allocator-size-gi-baking-worker=262144"
    "memorysetup-temp-allocator-size-gfx=262144"
Player connection [18196]  Target information:

Player connection [18196]  * "[IP] 192.168.0.161 [Port] 0 [Flags] 2 [Guid] 2341725638 [EditorId] 2341725638 [Version] 1048832 [Id] WindowsEditor(7,Velvet) [Debug] 1 [PackageName] WindowsEditor [ProjectName] Editor" 

Player connection [18196] Host joined multi-casting on [225.0.0.222:54997]...
Player connection [18196] Host joined alternative multi-casting on [225.0.0.222:34997]...
[PhysX] Initialized MultithreadedTaskDispatcher with 20 workers.
Refreshing native plugins compatible for Editor in 4371.49 ms, found 3 plugins.
Preloading 0 native plugins for Editor in 0.00 ms.
Initialize engine version: 2022.3.38f1 (c5d5a7410213)
[Subsystems] Discovering subsystems at path C:/Program Files/Unity/Hub/Editor/2022.3.38f1/Editor/Data/Resources/UnitySubsystems
[Subsystems] Discovering subsystems at path C:/Users/Masha/OneDrive/Рабочий стол/BelinskayaM_GUN37/My project/Assets
GfxDevice: creating device client; threaded=0; jobified=0
Direct3D:
    Version:  Direct3D 11.0 [level 11.1]
    Renderer: NVIDIA GeForce RTX 3070 Ti Laptop GPU (ID=0x24a0)
    Vendor:   NVIDIA
    VRAM:     8018 MB
    Driver:   32.0.15.6636
Initialize mono
Mono path[0] = 'C:/Program Files/Unity/Hub/Editor/2022.3.38f1/Editor/Data/Managed'
Mono path[1] = 'C:/Program Files/Unity/Hub/Editor/2022.3.38f1/Editor/Data/MonoBleedingEdge/lib/mono/unityjit-win32'
Mono config path = 'C:/Program Files/Unity/Hub/Editor/2022.3.38f1/Editor/Data/MonoBleedingEdge/etc'
Using monoOptions --debugger-agent=transport=dt_socket,embedding=1,server=y,suspend=n,address=127.0.0.1:56104
Begin MonoManager ReloadAssembly
Registering precompiled unity dll's ...
Register platform support module: C:/Program Files/Unity/Hub/Editor/2022.3.38f1/Editor/Data/PlaybackEngines/WindowsStandaloneSupport/UnityEditor.WindowsStandalone.Extensions.dll
Registered in 0.397075 seconds.
- Loaded All Assemblies, in 15.726 seconds
Native extension for WindowsStandalone target not found
Mono: successfully reloaded assembly
- Finished resetting the current domain, in  0.209 seconds
Domain Reload Profiling: 15934ms
	BeginReloadAssembly (11855ms)
		ExecutionOrderSort (0ms)
		DisableScriptedObjects (0ms)
		BackupInstance (0ms)
		ReleaseScriptingObjects (0ms)
		CreateAndSetChildDomain (1ms)
	RebuildCommonClasses (1038ms)
	RebuildNativeTypeToScriptingClass (9ms)
	initialDomainReloadingComplete (446ms)
	LoadAllAssembliesAndSetupDomain (2377ms)
		LoadAssemblies (11854ms)
		RebuildTransferFunctionScriptingTraits (0ms)
		AnalyzeDomain (2375ms)
			TypeCache.Refresh (2373ms)
				TypeCache.ScanAssembly (1721ms)
			ScanForSourceGeneratedMonoScriptInfo (0ms)
			ResolveRequiredComponents (0ms)
	FinalizeReload (209ms)
		ReleaseScriptCaches (0ms)
		RebuildScriptCaches (0ms)
		SetupLoadedEditorAssemblies (165ms)
			LogAssemblyErrors (0ms)
			InitializePlatformSupportModulesInManaged (7ms)
			SetLoadedEditorAssemblies (6ms)
			RefreshPlugins (0ms)
			BeforeProcessingInitializeOnLoad (2ms)
			ProcessInitializeOnLoadAttributes (112ms)
			ProcessInitializeOnLoadMethodAttributes (38ms)
			AfterProcessingInitializeOnLoad (0ms)
			EditorAssembliesLoaded (0ms)
		ExecutionOrderSort2 (0ms)
		AwakeInstancesAfterBackupRestoration (0ms)
========================================================================
Worker process is ready to serve import requests
Begin MonoManager ReloadAssembly
- Loaded All Assemblies, in 14.320 seconds
Refreshing native plugins compatible for Editor in 2.95 ms, found 3 plugins.
Native extension for WindowsStandalone target not found
Mono: successfully reloaded assembly
- Finished resetting the current domain, in  0.598 seconds
Domain Reload Profiling: 14917ms
	BeginReloadAssembly (117ms)
		ExecutionOrderSort (0ms)
		DisableScriptedObjects (4ms)
		BackupInstance (0ms)
		ReleaseScriptingObjects (0ms)
		CreateAndSetChildDomain (18ms)
	RebuildCommonClasses (27ms)
	RebuildNativeTypeToScriptingClass (8ms)
	initialDomainReloadingComplete (34ms)
	LoadAllAssembliesAndSetupDomain (14132ms)
		LoadAssemblies (13197ms)
		RebuildTransferFunctionScriptingTraits (0ms)
		AnalyzeDomain (1003ms)
			TypeCache.Refresh (982ms)
				TypeCache.ScanAssembly (822ms)
			ScanForSourceGeneratedMonoScriptInfo (15ms)
			ResolveRequiredComponents (5ms)
	FinalizeReload (599ms)
		ReleaseScriptCaches (0ms)
		RebuildScriptCaches (0ms)
		SetupLoadedEditorAssemblies (471ms)
			LogAssemblyErrors (0ms)
			InitializePlatformSupportModulesInManaged (4ms)
			SetLoadedEditorAssemblies (4ms)
			RefreshPlugins (0ms)
			BeforeProcessingInitializeOnLoad (58ms)
			ProcessInitializeOnLoadAttributes (384ms)
			ProcessInitializeOnLoadMethodAttributes (16ms)
			AfterProcessingInitializeOnLoad (5ms)
			EditorAssembliesLoaded (0ms)
		ExecutionOrderSort2 (0ms)
		AwakeInstancesAfterBackupRestoration (5ms)
Launched and connected shader compiler UnityShaderCompiler.exe after 0.11 seconds
Refreshing native plugins compatible for Editor in 3.33 ms, found 3 plugins.
Preloading 0 native plugins for Editor in 0.00 ms.
Unloading 3978 Unused Serialized files (Serialized files now loaded: 0)
Unloading 56 unused Assets / (132.3 KB). Loaded Objects now: 4439.
Memory consumption went from 145.2 MB to 145.1 MB.
Total: 2.842300 ms (FindLiveObjects: 0.195500 ms CreateObjectMapping: 0.153100 ms MarkObjects: 2.392500 ms  DeleteObjects: 0.100400 ms)

AssetImportParameters requested are different than current active one (requested -> active):
  custom:container-demuxer-ogg: 62fdf1f143b41e24485cea50d1cbac27 -> 
  custom:video-codec-MediaFoundation-h265: 746d11721c4dcdbdad8f713fa42b33f4 -> 
  custom:video-decoder-ogg-theora: a1e56fd34408186e4bbccfd4996cb3dc -> 
  custom:framework-win-MediaFoundation: 216162199b28c13a410421893ffa2e32 -> 
  custom:CustomObjectIndexerAttribute: 9a22284fe3817be447336de3de66b15e -> 
  custom:container-demuxer-webm: 4f35f7cbe854078d1ac9338744f61a02 -> 
  custom:container-muxer-webm: aa71ff27fc2769a1b78a27578f13a17b -> 
  custom:video-decoder-webm-vp8: 9c59270c3fd7afecdb556c50c9e8de78 -> 
  custom:SearchIndexIgnoredProperties: e643bd26f0fe6173181afceb89e7c659 -> 
  custom:AudioImporter_EditorPlatform: d09bf68614088b80899f8185d706f6e7 -> 
  custom:video-encoder-webm-vp8: eb34c28f22e8b96e1ab97ce403110664 -> 
  custom:audio-decoder-ogg-vorbis: bf7c407c2cedff20999df2af8eb42d56 -> 
  custom:audio-encoder-webm-vorbis: bf7c407c2cedff20999df2af8eb42d56 -> 
========================================================================
Received Import Request.
  Time since last request: 32330.461058 seconds.
  path: Assets/Audio/Explosion_Sound.mp3
  artifactKey: Guid(dff85f79f1858594eae39a3b3f3f17d0) Importer(2089858483,0ecaa5967403d082aa24f35e1b516d23)
Start importing Assets/Audio/Explosion_Sound.mp3 using Guid(dff85f79f1858594eae39a3b3f3f17d0) Importer(2089858483,0ecaa5967403d082aa24f35e1b516d23) [PhysX] Initialized MultithreadedTaskDispatcher with 20 workers.
 -> (artifact id: 'da7745670fae2409c2445c59b7a10a6a') in 0.275927 seconds
Number of updated asset objects reloaded before import = 0
Number of asset objects unloaded after import = 1
========================================================================
Received Import Request.
  Time since last request: 0.000029 seconds.
  path: Assets/TextMesh Pro/Shaders/TMPro_Mobile.cginc
  artifactKey: Guid(c334973cef89a9840b0b0c507e0377ab) Importer(2089858483,0ecaa5967403d082aa24f35e1b516d23)
Start importing Assets/TextMesh Pro/Shaders/TMPro_Mobile.cginc using Guid(c334973cef89a9840b0b0c507e0377ab) Importer(2089858483,0ecaa5967403d082aa24f35e1b516d23) [PhysX] Initialized MultithreadedTaskDispatcher with 20 workers.
 -> (artifact id: 'cc7fc8a196c9affc6dc8d19e98149dae') in 0.033654 seconds
Number of updated asset objects reloaded before import = 0
Number of asset objects unloaded after import = 1
========================================================================
Received Import Request.
  Time since last request: 0.000043 seconds.
  path: Assets/Audio/whoosh1_Sound.mp3
  artifactKey: Guid(92c7eef85fb50cd4c9761b339803f148) Importer(2089858483,0ecaa5967403d082aa24f35e1b516d23)
Start importing Assets/Audio/whoosh1_Sound.mp3 using Guid(92c7eef85fb50cd4c9761b339803f148) Importer(2089858483,0ecaa5967403d082aa24f35e1b516d23) [PhysX] Initialized MultithreadedTaskDispatcher with 20 workers.
 -> (artifact id: 'ab504159ee638640ec8178f097fdc095') in 0.068911 seconds
Number of updated asset objects reloaded before import = 0
Number of asset objects unloaded after import = 1
========================================================================
Received Import Request.
  Time since last request: 0.000037 seconds.
  path: Assets/Sprites/circlefillRy32px256px.png
  artifactKey: Guid(ebc82bb9dacba0f478d2a059e9181886) Importer(2089858483,0ecaa5967403d082aa24f35e1b516d23)
Start importing Assets/Sprites/circlefillRy32px256px.png using Guid(ebc82bb9dacba0f478d2a059e9181886) Importer(2089858483,0ecaa5967403d082aa24f35e1b516d23) [PhysX] Initialized MultithreadedTaskDispatcher with 20 workers.
 -> (artifact id: 'a5908071d50daa1f070d01504dd6c0d8') in 0.126949 seconds
Number of updated asset objects reloaded before import = 0
Number of asset objects unloaded after import = 3
========================================================================
Received Import Request.
  Time since last request: 0.000025 seconds.
  path: Assets/Effects/Explosion/TinyExplosion.prefab
  artifactKey: Guid(a72f6bafe0a90424fa87e071620289e8) Importer(2089858483,0ecaa5967403d082aa24f35e1b516d23)
Start importing Assets/Effects/Explosion/TinyExplosion.prefab using Guid(a72f6bafe0a90424fa87e071620289e8) Importer(2089858483,0ecaa5967403d082aa24f35e1b516d23) [PhysX] Initialized MultithreadedTaskDispatcher with 20 workers.
 -> (artifact id: '77aeeac4761a71c20edbbbf54f426b18') in 0.187099 seconds
Number of updated asset objects reloaded before import = 0
Number of asset objects unloaded after import = 14
========================================================================
Received Import Request.
  Time since last request: 0.000032 seconds.
  path: Assets/TextMesh Pro/Sprites/EmojiOne.png
  artifactKey: Guid(dffef66376be4fa480fb02b19edbe903) Importer(2089858483,0ecaa5967403d082aa24f35e1b516d23)
Start importing Assets/TextMesh Pro/Sprites/EmojiOne.png using Guid(dffef66376be4fa480fb02b19edbe903) Importer(2089858483,0ecaa5967403d082aa24f35e1b516d23) [PhysX] Initialized MultithreadedTaskDispatcher with 20 workers.
 -> (artifact id: '4e85e66179abe9009123791c7be6dae2') in 0.056698 seconds
Number of updated asset objects reloaded before import = 0
Number of asset objects unloaded after import = 1
========================================================================
Received Import Request.
  Time since last request: 0.000068 seconds.
  path: Assets/Sprites/circlefill8px.png
  artifactKey: Guid(486a826db15e5774981eb30353a0d03b) Importer(2089858483,0ecaa5967403d082aa24f35e1b516d23)
Start importing Assets/Sprites/circlefill8px.png using Guid(486a826db15e5774981eb30353a0d03b) Importer(2089858483,0ecaa5967403d082aa24f35e1b516d23) [PhysX] Initialized MultithreadedTaskDispatcher with 20 workers.
 -> (artifact id: 'bf4d09f44cd5e4c6364825ac125b9c75') in 0.044174 seconds
Number of updated asset objects reloaded before import = 0
Number of asset objects unloaded after import = 3
========================================================================
Received Import Request.
  Time since last request: 0.000035 seconds.
  path: Assets/Scripts/TankGameInstaller.cs
  artifactKey: Guid(9ed82f0b1ccf1ff449d54945b1f61b62) Importer(2089858483,0ecaa5967403d082aa24f35e1b516d23)
Start importing Assets/Scripts/TankGameInstaller.cs using Guid(9ed82f0b1ccf1ff449d54945b1f61b62) Importer(2089858483,0ecaa5967403d082aa24f35e1b516d23) [PhysX] Initialized MultithreadedTaskDispatcher with 20 workers.
 -> (artifact id: 'c409416a7ceda9ed3879804edf68ce55') in 0.027302 seconds
Number of updated asset objects reloaded before import = 0
Number of asset objects unloaded after import = 1
========================================================================
Received Import Request.
  Time since last request: 0.000026 seconds.
  path: Assets/Materials/BrownMaterial.mat
  artifactKey: Guid(cb15684a418713c4f9a0688212e15191) Importer(2089858483,0ecaa5967403d082aa24f35e1b516d23)
Start importing Assets/Materials/BrownMaterial.mat using Guid(cb15684a418713c4f9a0688212e15191) Importer(2089858483,0ecaa5967403d082aa24f35e1b516d23) [PhysX] Initialized MultithreadedTaskDispatcher with 20 workers.
 -> (artifact id: 'b403be4e22ee67cfe4d106db1155f0f6') in 0.050196 seconds
Number of updated asset objects reloaded before import = 0
Number of asset objects unloaded after import = 1
========================================================================
Received Import Request.
  Time since last request: 0.000025 seconds.
  path: Assets/Effects/Weapon/MuzzleFlash01.prefab
  artifactKey: Guid(0f5d80b13ed22d14b91a12eb2cfa86e6) Importer(2089858483,0ecaa5967403d082aa24f35e1b516d23)
Start importing Assets/Effects/Weapon/MuzzleFlash01.prefab using Guid(0f5d80b13ed22d14b91a12eb2cfa86e6) Importer(2089858483,0ecaa5967403d082aa24f35e1b516d23) [PhysX] Initialized MultithreadedTaskDispatcher with 20 workers.
 -> (artifact id: '0625c481ddf828a55c614ec6d0ef1274') in 0.074297 seconds
Number of updated asset objects reloaded before import = 0
Number of asset objects unloaded after import = 10
========================================================================
Received Import Request.
  Time since last request: 0.000028 seconds.
  path: Assets/Scripts/Legacy/LegacyTransmissionData.cs
  artifactKey: Guid(9128bfba2f9e46d7ac092923ba72be98) Importer(2089858483,0ecaa5967403d082aa24f35e1b516d23)
Start importing Assets/Scripts/Legacy/LegacyTransmissionData.cs using Guid(9128bfba2f9e46d7ac092923ba72be98) Importer(2089858483,0ecaa5967403d082aa24f35e1b516d23) [PhysX] Initialized MultithreadedTaskDispatcher with 20 workers.
 -> (artifact id: 'f2dd6b326a0d65d6c1cbfb3f3c4e10e8') in 0.023453 seconds
Number of updated asset objects reloaded before import = 0
Number of asset objects unloaded after import = 1
========================================================================
Received Import Request.
  Time since last request: 0.000035 seconds.
  path: Assets/Scripts/Commons/AudioPool.cs
  artifactKey: Guid(bb4494542a904cbf82b95fde17796012) Importer(2089858483,0ecaa5967403d082aa24f35e1b516d23)
Start importing Assets/Scripts/Commons/AudioPool.cs using Guid(bb4494542a904cbf82b95fde17796012) Importer(2089858483,0ecaa5967403d082aa24f35e1b516d23) [PhysX] Initialized MultithreadedTaskDispatcher with 20 workers.
 -> (artifact id: 'd20aa38ebb446f7e8b5ac9e9e13eaedc') in 0.022818 seconds
Number of updated asset objects reloaded before import = 0
Number of asset objects unloaded after import = 1
========================================================================
Received Import Request.
  Time since last request: 0.000041 seconds.
  path: Assets/Sprites/down arrow.png
  artifactKey: Guid(dd5ab83baa480ea44b966d7ca90d09bc) Importer(2089858483,0ecaa5967403d082aa24f35e1b516d23)
Start importing Assets/Sprites/down arrow.png using Guid(dd5ab83baa480ea44b966d7ca90d09bc) Importer(2089858483,0ecaa5967403d082aa24f35e1b516d23) [PhysX] Initialized MultithreadedTaskDispatcher with 20 workers.
 -> (artifact id: '1165c74fd8e2e30d89b30cb97f3f0879') in 0.048742 seconds
Number of updated asset objects reloaded before import = 0
Number of asset objects unloaded after import = 3
========================================================================
Received Import Request.
  Time since last request: 0.000031 seconds.
  path: Assets/Effects/Smoke/Materials/Twinkle.mat
  artifactKey: Guid(8765829b4c1b820409385ae53384fb25) Importer(2089858483,0ecaa5967403d082aa24f35e1b516d23)
Start importing Assets/Effects/Smoke/Materials/Twinkle.mat using Guid(8765829b4c1b820409385ae53384fb25) Importer(2089858483,0ecaa5967403d082aa24f35e1b516d23) [PhysX] Initialized MultithreadedTaskDispatcher with 20 workers.
 -> (artifact id: 'f98415be37913ba9c1caacf28b3629f8') in 0.059417 seconds
Number of updated asset objects reloaded before import = 0
Number of asset objects unloaded after import = 2
========================================================================
Received Import Request.
  Time since last request: 0.000023 seconds.
  path: Assets/Effects/Misc Effects/Textures/Ramp01.png
  artifactKey: Guid(c07de05b9bda8f6409252857c36d7ed0) Importer(2089858483,0ecaa5967403d082aa24f35e1b516d23)
Start importing Assets/Effects/Misc Effects/Textures/Ramp01.png using Guid(c07de05b9bda8f6409252857c36d7ed0) Importer(2089858483,0ecaa5967403d082aa24f35e1b516d23) [PhysX] Initialized MultithreadedTaskDispatcher with 20 workers.
 -> (artifact id: 'a842a7d8a4ebb2660515cca74ae21f7e') in 0.046211 seconds
Number of updated asset objects reloaded before import = 0
Number of asset objects unloaded after import = 1
========================================================================
Received Import Request.
  Time since last request: 0.000025 seconds.
  path: Assets/Models/Blocks/Materials/ObstacleWhiteMaterial.mat
  artifactKey: Guid(97ac983daaf552142bf33fbd114b4f57) Importer(2089858483,0ecaa5967403d082aa24f35e1b516d23)
Start importing Assets/Models/Blocks/Materials/ObstacleWhiteMaterial.mat using Guid(97ac983daaf552142bf33fbd114b4f57) Importer(2089858483,0ecaa5967403d082aa24f35e1b516d23) [PhysX] Initialized MultithreadedTaskDispatcher with 20 workers.
 -> (artifact id: 'f633423e76de77235060bdd2ade8b7be') in 0.080037 seconds
Number of updated asset objects reloaded before import = 0
Number of asset objects unloaded after import = 2
========================================================================
Received Import Request.
  Time since last request: 0.000028 seconds.
  path: Assets/Scripts/Tank/BaseInputController.cs
  artifactKey: Guid(582a8d736d424b1cbdf199afff8cdd9b) Importer(2089858483,0ecaa5967403d082aa24f35e1b516d23)
Start importing Assets/Scripts/Tank/BaseInputController.cs using Guid(582a8d736d424b1cbdf199afff8cdd9b) Importer(2089858483,0ecaa5967403d082aa24f35e1b516d23) [PhysX] Initialized MultithreadedTaskDispatcher with 20 workers.
 -> (artifact id: 'fff5d8b76e8dc54ef2ca99fc56591c9e') in 0.021073 seconds
Number of updated asset objects reloaded before import = 0
Number of asset objects unloaded after import = 1
========================================================================
Received Import Request.
  Time since last request: 0.000217 seconds.
  path: Assets/Models/Track/GroundTrack.fbx
  artifactKey: Guid(2afa5a1773ca1f84f98c062866a8be55) Importer(2089858483,0ecaa5967403d082aa24f35e1b516d23)
Start importing Assets/Models/Track/GroundTrack.fbx using Guid(2afa5a1773ca1f84f98c062866a8be55) Importer(2089858483,0ecaa5967403d082aa24f35e1b516d23) [PhysX] Initialized MultithreadedTaskDispatcher with 20 workers.
 -> (artifact id: '17aa1955ca497aad4f29494975660457') in 0.074608 seconds
Number of updated asset objects reloaded before import = 0
Number of asset objects unloaded after import = 19
========================================================================
Received Import Request.
  Time since last request: 0.000027 seconds.
  path: Assets/Effects/Smoke/Materials/SmokeySteam03.mat
  artifactKey: Guid(fd80cdb028e1d864392334da34ca021d) Importer(2089858483,0ecaa5967403d082aa24f35e1b516d23)
Start importing Assets/Effects/Smoke/Materials/SmokeySteam03.mat using Guid(fd80cdb028e1d864392334da34ca021d) Importer(2089858483,0ecaa5967403d082aa24f35e1b516d23) [PhysX] Initialized MultithreadedTaskDispatcher with 20 workers.
 -> (artifact id: 'befb6eb65f8cad9406576d012179af61') in 0.215951 seconds
Number of updated asset objects reloaded before import = 0
Number of asset objects unloaded after import = 2
========================================================================
Received Import Request.
  Time since last request: 0.000026 seconds.
  path: Assets/TextMesh Pro/Resources/Fonts & Materials/LiberationSans SDF - Drop Shadow.mat
  artifactKey: Guid(e73a58f6e2794ae7b1b7e50b7fb811b0) Importer(2089858483,0ecaa5967403d082aa24f35e1b516d23)
Start importing Assets/TextMesh Pro/Resources/Fonts & Materials/LiberationSans SDF - Drop Shadow.mat using Guid(e73a58f6e2794ae7b1b7e50b7fb811b0) Importer(2089858483,0ecaa5967403d082aa24f35e1b516d23) [PhysX] Initialized MultithreadedTaskDispatcher with 20 workers.
 -> (artifact id: 'af1a1e0df81f46c86dce670b7ae64b24') in 0.076007 seconds
Number of updated asset objects reloaded before import = 0
Number of asset objects unloaded after import = 2
========================================================================
Received Import Request.
  Time since last request: 0.000042 seconds.
  path: Assets/Models/Tank/Materials/TrackerMaterial.mat
  artifactKey: Guid(a06ebd461e4ff2041a931103920d964d) Importer(2089858483,0ecaa5967403d082aa24f35e1b516d23)
Start importing Assets/Models/Tank/Materials/TrackerMaterial.mat using Guid(a06ebd461e4ff2041a931103920d964d) Importer(2089858483,0ecaa5967403d082aa24f35e1b516d23) [PhysX] Initialized MultithreadedTaskDispatcher with 20 workers.
 -> (artifact id: '76543e06d0d56dd0a904cf9f33fd5746') in 0.070649 seconds
Number of updated asset objects reloaded before import = 0
Number of asset objects unloaded after import = 1
========================================================================
Received Import Request.
  Time since last request: 0.000024 seconds.
  path: Assets/Models/Track/Materials/WhiteSmooth.mat
  artifactKey: Guid(616853845a4a54949ac851f2f807aa2a) Importer(2089858483,0ecaa5967403d082aa24f35e1b516d23)
Start importing Assets/Models/Track/Materials/WhiteSmooth.mat using Guid(616853845a4a54949ac851f2f807aa2a) Importer(2089858483,0ecaa5967403d082aa24f35e1b516d23) [PhysX] Initialized MultithreadedTaskDispatcher with 20 workers.
 -> (artifact id: '020f9f8dda1c97f1b633851e288632d4') in 0.020710 seconds
Number of updated asset objects reloaded before import = 0
Number of asset objects unloaded after import = 2
========================================================================
Received Import Request.
  Time since last request: 0.000023 seconds.
  path: Assets/Models/Track/Materials/SkyboxProcedural.mat
  artifactKey: Guid(bf1bf92a3ce592e40b898be6c21cc2fa) Importer(2089858483,0ecaa5967403d082aa24f35e1b516d23)
Start importing Assets/Models/Track/Materials/SkyboxProcedural.mat using Guid(bf1bf92a3ce592e40b898be6c21cc2fa) Importer(2089858483,0ecaa5967403d082aa24f35e1b516d23) [PhysX] Initialized MultithreadedTaskDispatcher with 20 workers.
 -> (artifact id: 'b752dd6790df6c62939826accbc35c65') in 0.038240 seconds
Number of updated asset objects reloaded before import = 0
Number of asset objects unloaded after import = 1
========================================================================
Received Import Request.
  Time since last request: 0.000025 seconds.
  path: Assets/Scripts/TransmissionSettings.cs
  artifactKey: Guid(4a375aa80e7c4da6ae978721092c33e2) Importer(2089858483,0ecaa5967403d082aa24f35e1b516d23)
Start importing Assets/Scripts/TransmissionSettings.cs using Guid(4a375aa80e7c4da6ae978721092c33e2) Importer(2089858483,0ecaa5967403d082aa24f35e1b516d23) [PhysX] Initialized MultithreadedTaskDispatcher with 20 workers.
 -> (artifact id: 'b13e3c266e45665c1c34acfe6d53466f') in 0.018990 seconds
Number of updated asset objects reloaded before import = 0
Number of asset objects unloaded after import = 1
========================================================================
Received Import Request.
  Time since last request: 0.000113 seconds.
  path: Assets/TextMesh Pro/Documentation/TextMesh Pro User Guide 2016.pdf
  artifactKey: Guid(1b8d251f9af63b746bf2f7ffe00ebb9b) Importer(2089858483,0ecaa5967403d082aa24f35e1b516d23)
Start importing Assets/TextMesh Pro/Documentation/TextMesh Pro User Guide 2016.pdf using Guid(1b8d251f9af63b746bf2f7ffe00ebb9b) Importer(2089858483,0ecaa5967403d082aa24f35e1b516d23) [PhysX] Initialized MultithreadedTaskDispatcher with 20 workers.
 -> (artifact id: '308e7588cd49ca684a6fec8e063d2c75') in 0.016605 seconds
Number of updated asset objects reloaded before import = 0
Number of asset objects unloaded after import = 1
========================================================================
Received Import Request.
  Time since last request: 0.000022 seconds.
  path: Assets/Scripts/Legacy/LegacyTransmissionSettings.cs
  artifactKey: Guid(b40e4376f8ff4f17ba0a6c55424ac9cd) Importer(2089858483,0ecaa5967403d082aa24f35e1b516d23)
Start importing Assets/Scripts/Legacy/LegacyTransmissionSettings.cs using Guid(b40e4376f8ff4f17ba0a6c55424ac9cd) Importer(2089858483,0ecaa5967403d082aa24f35e1b516d23) [PhysX] Initialized MultithreadedTaskDispatcher with 20 workers.
 -> (artifact id: '85269f7ba168407f19dcf890b178256d') in 0.023740 seconds
Number of updated asset objects reloaded before import = 0
Number of asset objects unloaded after import = 1
========================================================================
Received Import Request.
  Time since last request: 0.000098 seconds.
  path: Assets/Scripts/Tank/ReloadIndicator.cs
  artifactKey: Guid(42c675aa2c514a84bbe63b31b1c8366a) Importer(2089858483,0ecaa5967403d082aa24f35e1b516d23)
Start importing Assets/Scripts/Tank/ReloadIndicator.cs using Guid(42c675aa2c514a84bbe63b31b1c8366a) Importer(2089858483,0ecaa5967403d082aa24f35e1b516d23) [PhysX] Initialized MultithreadedTaskDispatcher with 20 workers.
 -> (artifact id: '62a060d4a74ab14ed52d0ff7e69481ab') in 0.020662 seconds
Number of updated asset objects reloaded before import = 0
Number of asset objects unloaded after import = 1
========================================================================
Received Import Request.
  Time since last request: 0.000023 seconds.
  path: Assets/Audio/TickerSum_Sound.mp3
  artifactKey: Guid(9a1741acb37cfa24bac63bb2380ff65d) Importer(2089858483,0ecaa5967403d082aa24f35e1b516d23)
Start importing Assets/Audio/TickerSum_Sound.mp3 using Guid(9a1741acb37cfa24bac63bb2380ff65d) Importer(2089858483,0ecaa5967403d082aa24f35e1b516d23) [PhysX] Initialized MultithreadedTaskDispatcher with 20 workers.
 -> (artifact id: '29c9915a997be5bd79e6399a16c026c7') in 0.058678 seconds
Number of updated asset objects reloaded before import = 0
Number of asset objects unloaded after import = 1
========================================================================
Received Import Request.
  Time since last request: 0.000040 seconds.
  path: Assets/Scripts/Tank/BattleRam.cs
  artifactKey: Guid(e5e26ff9a27948a4b491c756ab3fdb5a) Importer(2089858483,0ecaa5967403d082aa24f35e1b516d23)
Start importing Assets/Scripts/Tank/BattleRam.cs using Guid(e5e26ff9a27948a4b491c756ab3fdb5a) Importer(2089858483,0ecaa5967403d082aa24f35e1b516d23) [PhysX] Initialized MultithreadedTaskDispatcher with 20 workers.
 -> (artifact id: '4fba79d12c4dcdb2ff5e287c44f15909') in 0.019461 seconds
Number of updated asset objects reloaded before import = 0
Number of asset objects unloaded after import = 1
========================================================================
Received Import Request.
  Time since last request: 0.000023 seconds.
  path: Assets/Scripts/Legacy/Editor/LegacyTransmissionDataPropertyDrawer.cs
  artifactKey: Guid(c9cc039728aa28641b2fc5300ef29b84) Importer(2089858483,0ecaa5967403d082aa24f35e1b516d23)
Start importing Assets/Scripts/Legacy/Editor/LegacyTransmissionDataPropertyDrawer.cs using Guid(c9cc039728aa28641b2fc5300ef29b84) Importer(2089858483,0ecaa5967403d082aa24f35e1b516d23) [PhysX] Initialized MultithreadedTaskDispatcher with 20 workers.
 -> (artifact id: '303210144dc45c08b2cd561246a97801') in 0.022653 seconds
Number of updated asset objects reloaded before import = 0
Number of asset objects unloaded after import = 1
========================================================================
Received Import Request.
  Time since last request: 0.000072 seconds.
  path: Assets/Audio/whoosh2_Sound.mp3
  artifactKey: Guid(bde8f4702ace5bb47be2d8045e42075a) Importer(2089858483,0ecaa5967403d082aa24f35e1b516d23)
Start importing Assets/Audio/whoosh2_Sound.mp3 using Guid(bde8f4702ace5bb47be2d8045e42075a) Importer(2089858483,0ecaa5967403d082aa24f35e1b516d23) [PhysX] Initialized MultithreadedTaskDispatcher with 20 workers.
 -> (artifact id: '4957ee182ba1c3bcd3127e49863170f2') in 0.062884 seconds
Number of updated asset objects reloaded before import = 0
Number of asset objects unloaded after import = 1
========================================================================
Received Import Request.
  Time since last request: 0.000069 seconds.
  path: Assets/Effects/Smoke/Materials/Smoke02.mat
  artifactKey: Guid(43d3e21dd15c3b847957abee25d004d9) Importer(2089858483,0ecaa5967403d082aa24f35e1b516d23)
Start importing Assets/Effects/Smoke/Materials/Smoke02.mat using Guid(43d3e21dd15c3b847957abee25d004d9) Importer(2089858483,0ecaa5967403d082aa24f35e1b516d23) [PhysX] Initialized MultithreadedTaskDispatcher with 20 workers.
 -> (artifact id: 'd048ca56924eed3b8da6df86e0a3827b') in 0.058061 seconds
Number of updated asset objects reloaded before import = 0
Number of asset objects unloaded after import = 2
========================================================================
Received Import Request.
  Time since last request: 0.000024 seconds.
  path: Assets/Models/Drone/References/Materials/White.mat
  artifactKey: Guid(91d21386d1235164cb09fa2332de50b6) Importer(2089858483,0ecaa5967403d082aa24f35e1b516d23)
Start importing Assets/Models/Drone/References/Materials/White.mat using Guid(91d21386d1235164cb09fa2332de50b6) Importer(2089858483,0ecaa5967403d082aa24f35e1b516d23) [PhysX] Initialized MultithreadedTaskDispatcher with 20 workers.
 -> (artifact id: '3e579d4eef2e2ef1cb1dfcd30a319a10') in 0.035893 seconds
Number of updated asset objects reloaded before import = 0
Number of asset objects unloaded after import = 1
========================================================================
Received Import Request.
  Time since last request: 0.000074 seconds.
  path: Assets/Effects/Weapon/Materials/Textures/MuzzleFlashFront.tif
  artifactKey: Guid(f955971657b85c442a7c56083fd7b440) Importer(2089858483,0ecaa5967403d082aa24f35e1b516d23)
Start importing Assets/Effects/Weapon/Materials/Textures/MuzzleFlashFront.tif using Guid(f955971657b85c442a7c56083fd7b440) Importer(2089858483,0ecaa5967403d082aa24f35e1b516d23) [PhysX] Initialized MultithreadedTaskDispatcher with 20 workers.
 -> (artifact id: '5497e36dbdaf91649b7daea108527c0a') in 0.043206 seconds
Number of updated asset objects reloaded before import = 0
Number of asset objects unloaded after import = 1
========================================================================
Received Import Request.
  Time since last request: 0.000175 seconds.
  path: Assets/Effects/Smoke/Materials/Textures/SmokePuff04Normal.tif
  artifactKey: Guid(ec0fffbfc1b9f9f4d82b1328a0fa87ab) Importer(2089858483,0ecaa5967403d082aa24f35e1b516d23)
Start importing Assets/Effects/Smoke/Materials/Textures/SmokePuff04Normal.tif using Guid(ec0fffbfc1b9f9f4d82b1328a0fa87ab) Importer(2089858483,0ecaa5967403d082aa24f35e1b516d23) [PhysX] Initialized MultithreadedTaskDispatcher with 20 workers.
 -> (artifact id: '39dedc6e1ef6ae672f63cd7042db073e') in 0.050255 seconds
Number of updated asset objects reloaded before import = 0
Number of asset objects unloaded after import = 1
========================================================================
Received Import Request.
  Time since last request: 0.000020 seconds.
  path: Assets/Models/Drone/References/Materials/grey.mat
  artifactKey: Guid(719efd02f6cfa794ea0a203cf90365a6) Importer(2089858483,0ecaa5967403d082aa24f35e1b516d23)
Start importing Assets/Models/Drone/References/Materials/grey.mat using Guid(719efd02f6cfa794ea0a203cf90365a6) Importer(2089858483,0ecaa5967403d082aa24f35e1b516d23) [PhysX] Initialized MultithreadedTaskDispatcher with 20 workers.
 -> (artifact id: 'd2bde4ab5f041341f1f30428d8a2f4f4') in 0.036458 seconds
Number of updated asset objects reloaded before import = 0
Number of asset objects unloaded after import = 1
========================================================================
Received Import Request.
  Time since last request: 0.000025 seconds.
  path: Assets/Prefabs/StartLevel/Startlevel.prefab
  artifactKey: Guid(4e5bd64a3b4017646b937ce39494761c) Importer(2089858483,0ecaa5967403d082aa24f35e1b516d23)
Start importing Assets/Prefabs/StartLevel/Startlevel.prefab using Guid(4e5bd64a3b4017646b937ce39494761c) Importer(2089858483,0ecaa5967403d082aa24f35e1b516d23) [PhysX] Initialized MultithreadedTaskDispatcher with 20 workers.
 -> (artifact id: 'e79c006de97a5eb1446d43eefac1d225') in 0.019981 seconds
Number of updated asset objects reloaded before import = 0
Number of asset objects unloaded after import = 9
========================================================================
Received Import Request.
  Time since last request: 0.000036 seconds.
  path: Assets/TextMesh Pro/Shaders/TMP_SDF-Mobile Masking.shader
  artifactKey: Guid(bc1ede39bf3643ee8e493720e4259791) Importer(2089858483,0ecaa5967403d082aa24f35e1b516d23)
Start importing Assets/TextMesh Pro/Shaders/TMP_SDF-Mobile Masking.shader using Guid(bc1ede39bf3643ee8e493720e4259791) Importer(2089858483,0ecaa5967403d082aa24f35e1b516d23) [PhysX] Initialized MultithreadedTaskDispatcher with 20 workers.
 -> (artifact id: '21c16dbdfb3e3e4aef517ef802a5d58f') in 0.022422 seconds
Number of updated asset objects reloaded before import = 0
Number of asset objects unloaded after import = 1
========================================================================
Received Import Request.
  Time since last request: 0.000093 seconds.
  path: Assets/Sprites/rect4pxRy8.png
  artifactKey: Guid(90727ef1e5c911a4ebb89c62265b4dd6) Importer(2089858483,0ecaa5967403d082aa24f35e1b516d23)
Start importing Assets/Sprites/rect4pxRy8.png using Guid(90727ef1e5c911a4ebb89c62265b4dd6) Importer(2089858483,0ecaa5967403d082aa24f35e1b516d23) [PhysX] Initialized MultithreadedTaskDispatcher with 20 workers.
 -> (artifact id: '8279b375354a3855894a233e9b5a155e') in 0.045005 seconds
Number of updated asset objects reloaded before import = 0
Number of asset objects unloaded after import = 3
========================================================================
Received Import Request.
  Time since last request: 0.000024 seconds.
  path: Assets/TextMesh Pro/Shaders/TMPro_Surface.cginc
  artifactKey: Guid(d930090c0cd643c7b55f19a38538c162) Importer(2089858483,0ecaa5967403d082aa24f35e1b516d23)
Start importing Assets/TextMesh Pro/Shaders/TMPro_Surface.cginc using Guid(d930090c0cd643c7b55f19a38538c162) Importer(2089858483,0ecaa5967403d082aa24f35e1b516d23) [PhysX] Initialized MultithreadedTaskDispatcher with 20 workers.
 -> (artifact id: '64e0d3bb6b3372d9a2e8cf0fa9616d88') in 0.031393 seconds
Number of updated asset objects reloaded before import = 0
Number of asset objects unloaded after import = 1
========================================================================
Received Import Request.
  Time since last request: 0.000036 seconds.
  path: Assets/TextMesh Pro/Fonts/LiberationSans.ttf
  artifactKey: Guid(e3265ab4bf004d28a9537516768c1c75) Importer(2089858483,0ecaa5967403d082aa24f35e1b516d23)
Start importing Assets/TextMesh Pro/Fonts/LiberationSans.ttf using Guid(e3265ab4bf004d28a9537516768c1c75) Importer(2089858483,0ecaa5967403d082aa24f35e1b516d23) [PhysX] Initialized MultithreadedTaskDispatcher with 20 workers.
 -> (artifact id: 'ca2a2ff52699d5e86b3b14d74374fce2') in 0.046140 seconds
Number of updated asset objects reloaded before import = 0
Number of asset objects unloaded after import = 3
========================================================================
Received Import Request.
  Time since last request: 0.000021 seconds.
  path: Assets/Animations/Indicator/IndicatorSecond_Anim.anim
  artifactKey: Guid(e34ea2ae3cc668445bcad489fdad744b) Importer(2089858483,0ecaa5967403d082aa24f35e1b516d23)
Start importing Assets/Animations/Indicator/IndicatorSecond_Anim.anim using Guid(e34ea2ae3cc668445bcad489fdad744b) Importer(2089858483,0ecaa5967403d082aa24f35e1b516d23) [PhysX] Initialized MultithreadedTaskDispatcher with 20 workers.
 -> (artifact id: 'fcc88967f73b17716db6bf7971f1c872') in 0.043966 seconds
Number of updated asset objects reloaded before import = 0
Number of asset objects unloaded after import = 1
========================================================================
Received Import Request.
  Time since last request: 0.000064 seconds.
  path: Assets/TextMesh Pro/Shaders/TMP_SDF Overlay.shader
  artifactKey: Guid(dd89cf5b9246416f84610a006f916af7) Importer(2089858483,0ecaa5967403d082aa24f35e1b516d23)
Start importing Assets/TextMesh Pro/Shaders/TMP_SDF Overlay.shader using Guid(dd89cf5b9246416f84610a006f916af7) Importer(2089858483,0ecaa5967403d082aa24f35e1b516d23) [PhysX] Initialized MultithreadedTaskDispatcher with 20 workers.
 -> (artifact id: '10d5a800485a00d6acf842f7456af1ef') in 0.021690 seconds
Number of updated asset objects reloaded before import = 0
Number of asset objects unloaded after import = 1
========================================================================
Received Import Request.
  Time since last request: 0.000084 seconds.
  path: Assets/Effects/Explosion/Materials/Textures/shockwave.tif
  artifactKey: Guid(492f3349f92767645a752364a5d18422) Importer(2089858483,0ecaa5967403d082aa24f35e1b516d23)
Start importing Assets/Effects/Explosion/Materials/Textures/shockwave.tif using Guid(492f3349f92767645a752364a5d18422) Importer(2089858483,0ecaa5967403d082aa24f35e1b516d23) [PhysX] Initialized MultithreadedTaskDispatcher with 20 workers.
 -> (artifact id: '5cd58494b77c3bb6a41ce69cc35e8192') in 0.045171 seconds
Number of updated asset objects reloaded before import = 0
Number of asset objects unloaded after import = 1
========================================================================
Received Import Request.
  Time since last request: 0.000022 seconds.
  path: Assets/Scripts/Generated/UnityConstants.cs
  artifactKey: Guid(0594b3b0d22e2bd448a9b26dca753797) Importer(2089858483,0ecaa5967403d082aa24f35e1b516d23)
Start importing Assets/Scripts/Generated/UnityConstants.cs using Guid(0594b3b0d22e2bd448a9b26dca753797) Importer(2089858483,0ecaa5967403d082aa24f35e1b516d23) [PhysX] Initialized MultithreadedTaskDispatcher with 20 workers.
 -> (artifact id: '31d40284eb6f3bd15005d5db620948cf') in 0.022642 seconds
Number of updated asset objects reloaded before import = 0
Number of asset objects unloaded after import = 1
========================================================================
Received Import Request.
  Time since last request: 0.000039 seconds.
  path: Assets/Models/Track/Materials/Textures/GridEmissive.png
  artifactKey: Guid(f12438971f1ef65478bf3b3f12e0aab4) Importer(2089858483,0ecaa5967403d082aa24f35e1b516d23)
Start importing Assets/Models/Track/Materials/Textures/GridEmissive.png using Guid(f12438971f1ef65478bf3b3f12e0aab4) Importer(2089858483,0ecaa5967403d082aa24f35e1b516d23) [PhysX] Initialized MultithreadedTaskDispatcher with 20 workers.
 -> (artifact id: '3eac5443ae83e9f87773b25107cb6318') in 0.026993 seconds
Number of updated asset objects reloaded before import = 0
Number of asset objects unloaded after import = 1
========================================================================
Received Import Request.
  Time since last request: 0.000095 seconds.
  path: Assets/Plugins/Zenject/Source/Binding/BindingUtil.cs
  artifactKey: Guid(3d9014e328d4ff04682edfaaa5bdad36) Importer(2089858483,0ecaa5967403d082aa24f35e1b516d23)
Start importing Assets/Plugins/Zenject/Source/Binding/BindingUtil.cs using Guid(3d9014e328d4ff04682edfaaa5bdad36) Importer(2089858483,0ecaa5967403d082aa24f35e1b516d23) [PhysX] Initialized MultithreadedTaskDispatcher with 20 workers.
 -> (artifact id: 'fb4724f5eaaf7dc1c9e3186351d7599f') in 0.022201 seconds
Number of updated asset objects reloaded before import = 0
Number of asset objects unloaded after import = 1
========================================================================
Received Import Request.
  Time since last request: 0.000027 seconds.
  path: Assets/Plugins/Zenject/Source/Factories/KeyedFactory.cs
  artifactKey: Guid(73ed4b67b639aaf4c94f61339a6ff413) Importer(2089858483,0ecaa5967403d082aa24f35e1b516d23)
Start importing Assets/Plugins/Zenject/Source/Factories/KeyedFactory.cs using Guid(73ed4b67b639aaf4c94f61339a6ff413) Importer(2089858483,0ecaa5967403d082aa24f35e1b516d23) [PhysX] Initialized MultithreadedTaskDispatcher with 20 workers.
 -> (artifact id: 'e9f6343dd2799625fbebefb5e889b2c9') in 0.020456 seconds
Number of updated asset objects reloaded before import = 0
Number of asset objects unloaded after import = 1
========================================================================
Received Import Request.
  Time since last request: 0.000026 seconds.
  path: Assets/Plugins/Zenject/Source/Editor/UnityInspectorListEditor.cs
  artifactKey: Guid(06d16f2f9107265428d41710db4cbb14) Importer(2089858483,0ecaa5967403d082aa24f35e1b516d23)
Start importing Assets/Plugins/Zenject/Source/Editor/UnityInspectorListEditor.cs using Guid(06d16f2f9107265428d41710db4cbb14) Importer(2089858483,0ecaa5967403d082aa24f35e1b516d23) [PhysX] Initialized MultithreadedTaskDispatcher with 20 workers.
 -> (artifact id: '80f78081de17d6d14b2f42bcafd703a8') in 0.023735 seconds
Number of updated asset objects reloaded before import = 0
Number of asset objects unloaded after import = 1
========================================================================
Received Import Request.
  Time since last request: 0.000051 seconds.
  path: Assets/Plugins/Zenject/Source/Factories/PrefabFactory.cs
  artifactKey: Guid(39782cb4430018d459f5707002dff73c) Importer(2089858483,0ecaa5967403d082aa24f35e1b516d23)
Start importing Assets/Plugins/Zenject/Source/Factories/PrefabFactory.cs using Guid(39782cb4430018d459f5707002dff73c) Importer(2089858483,0ecaa5967403d082aa24f35e1b516d23) [PhysX] Initialized MultithreadedTaskDispatcher with 20 workers.
 -> (artifact id: '4f37075904dcbef6013d18fd9b3f5234') in 0.018838 seconds
Number of updated asset objects reloaded before import = 0
Number of asset objects unloaded after import = 1
========================================================================
Received Import Request.
  Time since last request: 0.000065 seconds.
  path: Assets/TextMesh Pro/Resources/TMP Settings.asset
  artifactKey: Guid(3f5b5dff67a942289a9defa416b206f3) Importer(2089858483,0ecaa5967403d082aa24f35e1b516d23)
Start importing Assets/TextMesh Pro/Resources/TMP Settings.asset using Guid(3f5b5dff67a942289a9defa416b206f3) Importer(2089858483,0ecaa5967403d082aa24f35e1b516d23) [PhysX] Initialized MultithreadedTaskDispatcher with 20 workers.
 -> (artifact id: 'c9bb9796574358d70640afa890b158a4') in 0.153463 seconds
Number of updated asset objects reloaded before import = 0
Number of asset objects unloaded after import = 15
========================================================================
Received Import Request.
  Time since last request: 0.000038 seconds.
  path: Assets/Effects/Smoke/Materials/Textures/Twinkle.png
  artifactKey: Guid(e9479d826e8ef15429fa21cb5a46ab56) Importer(2089858483,0ecaa5967403d082aa24f35e1b516d23)
Start importing Assets/Effects/Smoke/Materials/Textures/Twinkle.png using Guid(e9479d826e8ef15429fa21cb5a46ab56) Importer(2089858483,0ecaa5967403d082aa24f35e1b516d23) [PhysX] Initialized MultithreadedTaskDispatcher with 20 workers.
 -> (artifact id: 'a5e8b61e7737038d7aff8f9259a2445e') in 0.032573 seconds
Number of updated asset objects reloaded before import = 0
Number of asset objects unloaded after import = 1
========================================================================
Received Import Request.
  Time since last request: 0.000046 seconds.
  path: Assets/Models/Drone/References/Animations/Fan Rotation.anim
  artifactKey: Guid(85e93fac93c19ee4daa894ed59f8c60b) Importer(2089858483,0ecaa5967403d082aa24f35e1b516d23)
Start importing Assets/Models/Drone/References/Animations/Fan Rotation.anim using Guid(85e93fac93c19ee4daa894ed59f8c60b) Importer(2089858483,0ecaa5967403d082aa24f35e1b516d23) [PhysX] Initialized MultithreadedTaskDispatcher with 20 workers.
 -> (artifact id: '5931039e48949c72d57cb91c36155a79') in 0.023670 seconds
Number of updated asset objects reloaded before import = 0
Number of asset objects unloaded after import = 1
========================================================================
Received Import Request.
  Time since last request: 0.000057 seconds.
  path: Assets/Models/Track/Materials/SpaceshipHull.mat
  artifactKey: Guid(35e2b94eb1006514abf8ae501b17f4d1) Importer(2089858483,0ecaa5967403d082aa24f35e1b516d23)
Start importing Assets/Models/Track/Materials/SpaceshipHull.mat using Guid(35e2b94eb1006514abf8ae501b17f4d1) Importer(2089858483,0ecaa5967403d082aa24f35e1b516d23) [PhysX] Initialized MultithreadedTaskDispatcher with 20 workers.
 -> (artifact id: 'cd238bcc4aeb524f55c4f2afe773c68c') in 0.024846 seconds
Number of updated asset objects reloaded before import = 0
Number of asset objects unloaded after import = 1
========================================================================
Received Import Request.
  Time since last request: 0.000075 seconds.
  path: Assets/TextMesh Pro/Shaders/TMP_Bitmap-Mobile.shader
  artifactKey: Guid(1e3b057af24249748ff873be7fafee47) Importer(2089858483,0ecaa5967403d082aa24f35e1b516d23)
Start importing Assets/TextMesh Pro/Shaders/TMP_Bitmap-Mobile.shader using Guid(1e3b057af24249748ff873be7fafee47) Importer(2089858483,0ecaa5967403d082aa24f35e1b516d23) [PhysX] Initialized MultithreadedTaskDispatcher with 20 workers.
 -> (artifact id: '4b510b4ebe5b76edea0708436ec3d2bb') in 0.023128 seconds
Number of updated asset objects reloaded before import = 0
Number of asset objects unloaded after import = 1
========================================================================
Received Import Request.
  Time since last request: 0.000110 seconds.
  path: Assets/Prefabs/Projectile.prefab
  artifactKey: Guid(d38ec14b9003730439d4edf4e6caa961) Importer(2089858483,0ecaa5967403d082aa24f35e1b516d23)
Start importing Assets/Prefabs/Projectile.prefab using Guid(d38ec14b9003730439d4edf4e6caa961) Importer(2089858483,0ecaa5967403d082aa24f35e1b516d23) [PhysX] Initialized MultithreadedTaskDispatcher with 20 workers.
 -> (artifact id: 'f9f24fc768e2da00c378cd9728ca6226') in 0.041969 seconds
Number of updated asset objects reloaded before import = 0
Number of asset objects unloaded after import = 10
========================================================================
Received Import Request.
  Time since last request: 0.000033 seconds.
  path: Assets/Scripts/Tests/TestCarnageIndicator.cs
  artifactKey: Guid(5211ae21db5741388d720e92afaa3740) Importer(2089858483,0ecaa5967403d082aa24f35e1b516d23)
Start importing Assets/Scripts/Tests/TestCarnageIndicator.cs using Guid(5211ae21db5741388d720e92afaa3740) Importer(2089858483,0ecaa5967403d082aa24f35e1b516d23) [PhysX] Initialized MultithreadedTaskDispatcher with 20 workers.
 -> (artifact id: '3cf18e267c203a22b81f0469dd207ec9') in 0.024455 seconds
Number of updated asset objects reloaded before import = 0
Number of asset objects unloaded after import = 1
========================================================================
Received Import Request.
  Time since last request: 0.000068 seconds.
  path: Assets/Scripts/UnityConstantExtensions.cs
  artifactKey: Guid(2bd35bb87dba42fea7331f2ebd428e76) Importer(2089858483,0ecaa5967403d082aa24f35e1b516d23)
Start importing Assets/Scripts/UnityConstantExtensions.cs using Guid(2bd35bb87dba42fea7331f2ebd428e76) Importer(2089858483,0ecaa5967403d082aa24f35e1b516d23) [PhysX] Initialized MultithreadedTaskDispatcher with 20 workers.
 -> (artifact id: '57a1b16e471ba2fa13f0dc013be4da90') in 0.021405 seconds
Number of updated asset objects reloaded before import = 0
Number of asset objects unloaded after import = 1
========================================================================
Received Import Request.
  Time since last request: 0.000022 seconds.
  path: Assets/Animations/Indicator/IndicatorFirst_Anim.anim
  artifactKey: Guid(2cc587680b1c2de458308b50a870cfc9) Importer(2089858483,0ecaa5967403d082aa24f35e1b516d23)
Start importing Assets/Animations/Indicator/IndicatorFirst_Anim.anim using Guid(2cc587680b1c2de458308b50a870cfc9) Importer(2089858483,0ecaa5967403d082aa24f35e1b516d23) [PhysX] Initialized MultithreadedTaskDispatcher with 20 workers.
 -> (artifact id: '0e2491c66e9d6b48d9bbdeb5e4964282') in 0.050494 seconds
Number of updated asset objects reloaded before import = 0
Number of asset objects unloaded after import = 1
========================================================================
Received Import Request.
  Time since last request: 0.000032 seconds.
  path: Assets/Plugins/Zenject/Source/Internal/ValuePair.cs
  artifactKey: Guid(a3c968adce0a9a24e949dc4eedb496e8) Importer(2089858483,0ecaa5967403d082aa24f35e1b516d23)
Start importing Assets/Plugins/Zenject/Source/Internal/ValuePair.cs using Guid(a3c968adce0a9a24e949dc4eedb496e8) Importer(2089858483,0ecaa5967403d082aa24f35e1b516d23) [PhysX] Initialized MultithreadedTaskDispatcher with 20 workers.
 -> (artifact id: '5bb8ba3fc5c6223f871e5c2fea2cbd59') in 0.024644 seconds
Number of updated asset objects reloaded before import = 0
Number of asset objects unloaded after import = 1
========================================================================
Received Import Request.
  Time since last request: 0.000097 seconds.
  path: Assets/Plugins/Zenject/Source/Internal/Func.cs
  artifactKey: Guid(cf53ad544fd972d4eb4716fb02fb5e9e) Importer(2089858483,0ecaa5967403d082aa24f35e1b516d23)
Start importing Assets/Plugins/Zenject/Source/Internal/Func.cs using Guid(cf53ad544fd972d4eb4716fb02fb5e9e) Importer(2089858483,0ecaa5967403d082aa24f35e1b516d23) [PhysX] Initialized MultithreadedTaskDispatcher with 20 workers.
 -> (artifact id: '73f211a1cf911f985e0180e9f875fd45') in 0.020881 seconds
Number of updated asset objects reloaded before import = 0
Number of asset objects unloaded after import = 1
========================================================================
Received Import Request.
  Time since last request: 0.000032 seconds.
  path: Assets/Plugins/Zenject/Source/Internal/TypeExtensions.cs
  artifactKey: Guid(2697c251f47f2bc40b32922c5a796f65) Importer(2089858483,0ecaa5967403d082aa24f35e1b516d23)
Start importing Assets/Plugins/Zenject/Source/Internal/TypeExtensions.cs using Guid(2697c251f47f2bc40b32922c5a796f65) Importer(2089858483,0ecaa5967403d082aa24f35e1b516d23) [PhysX] Initialized MultithreadedTaskDispatcher with 20 workers.
 -> (artifact id: '132a6ae06e21fe295a074ae1493812b0') in 0.021614 seconds
Number of updated asset objects reloaded before import = 0
Number of asset objects unloaded after import = 1
========================================================================
Received Import Request.
  Time since last request: 0.000090 seconds.
  path: Assets/Plugins/Zenject/Source/Install/ZenjectBinding.cs
  artifactKey: Guid(0166d8ff8d905b048b2448179e1f5d11) Importer(2089858483,0ecaa5967403d082aa24f35e1b516d23)
Start importing Assets/Plugins/Zenject/Source/Install/ZenjectBinding.cs using Guid(0166d8ff8d905b048b2448179e1f5d11) Importer(2089858483,0ecaa5967403d082aa24f35e1b516d23) [PhysX] Initialized MultithreadedTaskDispatcher with 20 workers.
 -> (artifact id: '2fd9936f61da3893d4352f66fe598d6b') in 0.023293 seconds
Number of updated asset objects reloaded before import = 0
Number of asset objects unloaded after import = 1
========================================================================
Received Import Request.
  Time since last request: 0.000029 seconds.
  path: Assets/Plugins/Zenject/Source/Main/LookupId.cs
  artifactKey: Guid(75d6ff51a82574249bd77fb5fd40d948) Importer(2089858483,0ecaa5967403d082aa24f35e1b516d23)
Start importing Assets/Plugins/Zenject/Source/Main/LookupId.cs using Guid(75d6ff51a82574249bd77fb5fd40d948) Importer(2089858483,0ecaa5967403d082aa24f35e1b516d23) [PhysX] Initialized MultithreadedTaskDispatcher with 20 workers.
 -> (artifact id: '416ff6883073b1e0ef9b06c0f2a49a66') in 0.024370 seconds
Number of updated asset objects reloaded before import = 0
Number of asset objects unloaded after import = 1
========================================================================
Received Import Request.
  Time since last request: 0.000021 seconds.
  path: Assets/Plugins/Zenject/Source/Install/ZenjectManagersInstaller.cs
  artifactKey: Guid(b05e95f8fed82b244b78a5e2df541713) Importer(2089858483,0ecaa5967403d082aa24f35e1b516d23)
Start importing Assets/Plugins/Zenject/Source/Install/ZenjectManagersInstaller.cs using Guid(b05e95f8fed82b244b78a5e2df541713) Importer(2089858483,0ecaa5967403d082aa24f35e1b516d23) [PhysX] Initialized MultithreadedTaskDispatcher with 20 workers.
 -> (artifact id: '66ea110e43b49abad3005d32d02d3ba2') in 0.016816 seconds
Number of updated asset objects reloaded before import = 0
Number of asset objects unloaded after import = 1
========================================================================
Received Import Request.
  Time since last request: 0.000053 seconds.
  path: Assets/Effects/Explosion/Materials/ExplosionDistortion.mat
  artifactKey: Guid(fafa06e8ef8c7fb4eac7a74c65cf3a06) Importer(2089858483,0ecaa5967403d082aa24f35e1b516d23)
Start importing Assets/Effects/Explosion/Materials/ExplosionDistortion.mat using Guid(fafa06e8ef8c7fb4eac7a74c65cf3a06) Importer(2089858483,0ecaa5967403d082aa24f35e1b516d23) [PhysX] Initialized MultithreadedTaskDispatcher with 20 workers.
 -> (artifact id: 'c782bbf8e064436aff7191e6eb706e3c') in 0.042514 seconds
Number of updated asset objects reloaded before import = 0
Number of asset objects unloaded after import = 3
========================================================================
Received Import Request.
  Time since last request: 0.000020 seconds.
  path: Assets/TextMesh Pro/Shaders/TMP_SDF-Surface.shader
  artifactKey: Guid(f7ada0af4f174f0694ca6a487b8f543d) Importer(2089858483,0ecaa5967403d082aa24f35e1b516d23)
Start importing Assets/TextMesh Pro/Shaders/TMP_SDF-Surface.shader using Guid(f7ada0af4f174f0694ca6a487b8f543d) Importer(2089858483,0ecaa5967403d082aa24f35e1b516d23) [PhysX] Initialized MultithreadedTaskDispatcher with 20 workers.
 -> (artifact id: 'e5f4199e68d2cc7977b430aeb3a601c5') in 0.023467 seconds
Number of updated asset objects reloaded before import = 0
Number of asset objects unloaded after import = 1
========================================================================
Received Import Request.
  Time since last request: 0.000030 seconds.
  path: Assets/Scripts/Legacy/Editor/LegacyTransmissionSettingsEditor.cs
  artifactKey: Guid(7642c00cce4a499a851d76c4fb516e05) Importer(2089858483,0ecaa5967403d082aa24f35e1b516d23)
Start importing Assets/Scripts/Legacy/Editor/LegacyTransmissionSettingsEditor.cs using Guid(7642c00cce4a499a851d76c4fb516e05) Importer(2089858483,0ecaa5967403d082aa24f35e1b516d23) [PhysX] Initialized MultithreadedTaskDispatcher with 20 workers.
 -> (artifact id: 'e1ef79333fa86e61522b317272f5f589') in 0.024677 seconds
Number of updated asset objects reloaded before import = 0
Number of asset objects unloaded after import = 1
========================================================================
Received Import Request.
  Time since last request: 0.000117 seconds.
  path: Assets/Plugins/Zenject/Source/Internal/MiscExtensions.cs
  artifactKey: Guid(da4e9bf39c1ac464d84d2f743a25f8d1) Importer(2089858483,0ecaa5967403d082aa24f35e1b516d23)
Start importing Assets/Plugins/Zenject/Source/Internal/MiscExtensions.cs using Guid(da4e9bf39c1ac464d84d2f743a25f8d1) Importer(2089858483,0ecaa5967403d082aa24f35e1b516d23) [PhysX] Initialized MultithreadedTaskDispatcher with 20 workers.
 -> (artifact id: '128c95b4e2b12429be686cda607bb606') in 0.023676 seconds
Number of updated asset objects reloaded before import = 0
Number of asset objects unloaded after import = 1
========================================================================
Received Import Request.
  Time since last request: 0.000087 seconds.
  path: Assets/Audio/SkidAudio.wav
  artifactKey: Guid(bd9566abdbf08834281bfb4ea8b92a5d) Importer(2089858483,0ecaa5967403d082aa24f35e1b516d23)
Start importing Assets/Audio/SkidAudio.wav using Guid(bd9566abdbf08834281bfb4ea8b92a5d) Importer(2089858483,0ecaa5967403d082aa24f35e1b516d23) [PhysX] Initialized MultithreadedTaskDispatcher with 20 workers.
 -> (artifact id: '2ea628a127655e757afb684de639e474') in 0.038479 seconds
Number of updated asset objects reloaded before import = 0
Number of asset objects unloaded after import = 1
========================================================================
Received Import Request.
  Time since last request: 0.000157 seconds.
  path: Assets/Effects/Smoke/Materials/Textures/Flame01.tif
  artifactKey: Guid(e2580e97efd2aa34580ef00fbec9a2d4) Importer(2089858483,0ecaa5967403d082aa24f35e1b516d23)
Start importing Assets/Effects/Smoke/Materials/Textures/Flame01.tif using Guid(e2580e97efd2aa34580ef00fbec9a2d4) Importer(2089858483,0ecaa5967403d082aa24f35e1b516d23) [PhysX] Initialized MultithreadedTaskDispatcher with 20 workers.
 -> (artifact id: 'f1a2cad8b6f4f16fafc6e5d6c7ec6840') in 0.031831 seconds
Number of updated asset objects reloaded before import = 0
Number of asset objects unloaded after import = 1
========================================================================
Received Import Request.
  Time since last request: 0.000023 seconds.
  path: Assets/Models/Track/Materials/Textures/SwatchWhiteAlbedo.png
  artifactKey: Guid(c798603beb3c1fc4a96620cf6b35cc32) Importer(2089858483,0ecaa5967403d082aa24f35e1b516d23)
Start importing Assets/Models/Track/Materials/Textures/SwatchWhiteAlbedo.png using Guid(c798603beb3c1fc4a96620cf6b35cc32) Importer(2089858483,0ecaa5967403d082aa24f35e1b516d23) [PhysX] Initialized MultithreadedTaskDispatcher with 20 workers.
 -> (artifact id: 'b39f66584ff26b97d627382771cc756d') in 0.033748 seconds
Number of updated asset objects reloaded before import = 0
Number of asset objects unloaded after import = 1
========================================================================
Received Import Request.
  Time since last request: 0.000122 seconds.
  path: Assets/Models/Track/Materials/Textures/SwatchNavyDarkAlbedo.png
  artifactKey: Guid(b64756a3fbf7f7e42b02aa3aa8669374) Importer(2089858483,0ecaa5967403d082aa24f35e1b516d23)
Start importing Assets/Models/Track/Materials/Textures/SwatchNavyDarkAlbedo.png using Guid(b64756a3fbf7f7e42b02aa3aa8669374) Importer(2089858483,0ecaa5967403d082aa24f35e1b516d23) [PhysX] Initialized MultithreadedTaskDispatcher with 20 workers.
 -> (artifact id: '3305de720d5803c1d53be11a00fd840b') in 0.031831 seconds
Number of updated asset objects reloaded before import = 0
Number of asset objects unloaded after import = 1
========================================================================
Received Import Request.
  Time since last request: 0.000049 seconds.
  path: Assets/Plugins/Zenject/Source/Internal/Log.cs
  artifactKey: Guid(622a24d4c6769414495ea1786bfee872) Importer(2089858483,0ecaa5967403d082aa24f35e1b516d23)
Start importing Assets/Plugins/Zenject/Source/Internal/Log.cs using Guid(622a24d4c6769414495ea1786bfee872) Importer(2089858483,0ecaa5967403d082aa24f35e1b516d23) [PhysX] Initialized MultithreadedTaskDispatcher with 20 workers.
 -> (artifact id: '91ed6c9d77dae636e64a5da5b93ca80f') in 0.023277 seconds
Number of updated asset objects reloaded before import = 0
Number of asset objects unloaded after import = 1
========================================================================
Received Import Request.
  Time since last request: 0.000027 seconds.
  path: Assets/Plugins/Zenject/Source/Factories/FactoryProviderWrapper.cs
  artifactKey: Guid(f1157303ef95f2448a355067327cb83a) Importer(2089858483,0ecaa5967403d082aa24f35e1b516d23)
Start importing Assets/Plugins/Zenject/Source/Factories/FactoryProviderWrapper.cs using Guid(f1157303ef95f2448a355067327cb83a) Importer(2089858483,0ecaa5967403d082aa24f35e1b516d23) [PhysX] Initialized MultithreadedTaskDispatcher with 20 workers.
 -> (artifact id: '273758100b6ce598722c0823162b2068') in 0.021038 seconds
Number of updated asset objects reloaded before import = 0
Number of asset objects unloaded after import = 1
========================================================================
Received Import Request.
  Time since last request: 0.000046 seconds.
  path: Assets/Plugins/Zenject/Source/Providers/MethodMultipleProviderUntyped.cs
  artifactKey: Guid(dd9674ffe36a06141afeab1ebbc399f0) Importer(2089858483,0ecaa5967403d082aa24f35e1b516d23)
Start importing Assets/Plugins/Zenject/Source/Providers/MethodMultipleProviderUntyped.cs using Guid(dd9674ffe36a06141afeab1ebbc399f0) Importer(2089858483,0ecaa5967403d082aa24f35e1b516d23) [PhysX] Initialized MultithreadedTaskDispatcher with 20 workers.
 -> (artifact id: 'e8153238bcfb74ee38e6d130ed06ab56') in 0.018783 seconds
Number of updated asset objects reloaded before import = 0
Number of asset objects unloaded after import = 1
========================================================================
Received Import Request.
  Time since last request: 0.000065 seconds.
  path: Assets/Plugins/Zenject/Source/Editor/ZenUnityEditorUtil.cs
  artifactKey: Guid(f798e3a2f0079b840804c0516d265f03) Importer(2089858483,0ecaa5967403d082aa24f35e1b516d23)
Start importing Assets/Plugins/Zenject/Source/Editor/ZenUnityEditorUtil.cs using Guid(f798e3a2f0079b840804c0516d265f03) Importer(2089858483,0ecaa5967403d082aa24f35e1b516d23) [PhysX] Initialized MultithreadedTaskDispatcher with 20 workers.
 -> (artifact id: '11d503cfabb808109abc2bc780441700') in 0.023864 seconds
Number of updated asset objects reloaded before import = 0
Number of asset objects unloaded after import = 1
========================================================================
Received Import Request.
  Time since last request: 0.000028 seconds.
  path: Assets/Plugins/Zenject/Source/Providers/ResolveProvider.cs
  artifactKey: Guid(35df94e99ddd0c04c86cf0bcefa85ad8) Importer(2089858483,0ecaa5967403d082aa24f35e1b516d23)
Start importing Assets/Plugins/Zenject/Source/Providers/ResolveProvider.cs using Guid(35df94e99ddd0c04c86cf0bcefa85ad8) Importer(2089858483,0ecaa5967403d082aa24f35e1b516d23) [PhysX] Initialized MultithreadedTaskDispatcher with 20 workers.
 -> (artifact id: '0f9fa6c3450e4b63e41aadc51c7ece15') in 0.023827 seconds
Number of updated asset objects reloaded before import = 0
Number of asset objects unloaded after import = 1
========================================================================
Received Import Request.
  Time since last request: 0.000047 seconds.
  path: Assets/Plugins/Zenject/Source/Util/ValidationUtil.cs
  artifactKey: Guid(018820e0bcd9a4049a305127c0cf1407) Importer(2089858483,0ecaa5967403d082aa24f35e1b516d23)
Start importing Assets/Plugins/Zenject/Source/Util/ValidationUtil.cs using Guid(018820e0bcd9a4049a305127c0cf1407) Importer(2089858483,0ecaa5967403d082aa24f35e1b516d23) [PhysX] Initialized MultithreadedTaskDispatcher with 20 workers.
 -> (artifact id: '34f81966feb31edb88a387227830c6dd') in 0.020891 seconds
Number of updated asset objects reloaded before import = 0
Number of asset objects unloaded after import = 1
========================================================================
Received Import Request.
  Time since last request: 0.000053 seconds.
  path: Assets/Plugins/Zenject/Source/Util/ExecutionOrderInstaller.cs
  artifactKey: Guid(cad41a65c3c0b0f46a659557b2d716e0) Importer(2089858483,0ecaa5967403d082aa24f35e1b516d23)
Start importing Assets/Plugins/Zenject/Source/Util/ExecutionOrderInstaller.cs using Guid(cad41a65c3c0b0f46a659557b2d716e0) Importer(2089858483,0ecaa5967403d082aa24f35e1b516d23) [PhysX] Initialized MultithreadedTaskDispatcher with 20 workers.
 -> (artifact id: '7f92b145e955504943d8972164b752eb') in 0.023782 seconds
Number of updated asset objects reloaded before import = 0
Number of asset objects unloaded after import = 1
========================================================================
Received Import Request.
  Time since last request: 0.000023 seconds.
  path: Assets/Plugins/Zenject/Source/Util/ZenjectSceneLoader.cs
  artifactKey: Guid(097ddf2608210fe44a9d215a1721d857) Importer(2089858483,0ecaa5967403d082aa24f35e1b516d23)
Start importing Assets/Plugins/Zenject/Source/Util/ZenjectSceneLoader.cs using Guid(097ddf2608210fe44a9d215a1721d857) Importer(2089858483,0ecaa5967403d082aa24f35e1b516d23) [PhysX] Initialized MultithreadedTaskDispatcher with 20 workers.
 -> (artifact id: '95c5c120c6fc83a9ab05a1c9f062718e') in 0.020477 seconds
Number of updated asset objects reloaded before import = 0
Number of asset objects unloaded after import = 1
========================================================================
Received Import Request.
  Time since last request: 0.000090 seconds.
  path: Assets/Plugins/Zenject/Source/Runtime/PoolableManager.cs
  artifactKey: Guid(aef2cb2ede47a96439cbb34a8935111a) Importer(2089858483,0ecaa5967403d082aa24f35e1b516d23)
Start importing Assets/Plugins/Zenject/Source/Runtime/PoolableManager.cs using Guid(aef2cb2ede47a96439cbb34a8935111a) Importer(2089858483,0ecaa5967403d082aa24f35e1b516d23) [PhysX] Initialized MultithreadedTaskDispatcher with 20 workers.
 -> (artifact id: '7d81bf6a2b9fd5540d5d9cf98fbc1c15') in 0.022810 seconds
Number of updated asset objects reloaded before import = 0
Number of asset objects unloaded after import = 1
========================================================================
Received Import Request.
  Time since last request: 0.000030 seconds.
  path: Assets/Plugins/Zenject/Source/Util/DisposeBlock.cs
  artifactKey: Guid(031fb76cf466ade4baf3269c39c146bd) Importer(2089858483,0ecaa5967403d082aa24f35e1b516d23)
Start importing Assets/Plugins/Zenject/Source/Util/DisposeBlock.cs using Guid(031fb76cf466ade4baf3269c39c146bd) Importer(2089858483,0ecaa5967403d082aa24f35e1b516d23) [PhysX] Initialized MultithreadedTaskDispatcher with 20 workers.
 -> (artifact id: 'aa7935a1b10620700b2c3c2bc853a798') in 0.022221 seconds
Number of updated asset objects reloaded before import = 0
Number of asset objects unloaded after import = 1
========================================================================
Received Import Request.
  Time since last request: 0.000112 seconds.
  path: Assets/Plugins/Zenject/Source/Util/ReflectionUtil.cs
  artifactKey: Guid(7c74b10dac7e87e4095f8e3157eb040d) Importer(2089858483,0ecaa5967403d082aa24f35e1b516d23)
Start importing Assets/Plugins/Zenject/Source/Util/ReflectionUtil.cs using Guid(7c74b10dac7e87e4095f8e3157eb040d) Importer(2089858483,0ecaa5967403d082aa24f35e1b516d23) [PhysX] Initialized MultithreadedTaskDispatcher with 20 workers.
 -> (artifact id: '0772a03d92fe93f1c28e54c512d3dd93') in 0.021776 seconds
Number of updated asset objects reloaded before import = 0
Number of asset objects unloaded after import = 1
========================================================================
Received Import Request.
  Time since last request: 0.000044 seconds.
  path: Assets/Plugins/Zenject/Source/Util/ProfileBlock.cs
  artifactKey: Guid(952433523e6a6e445adc4ac7e2086e7d) Importer(2089858483,0ecaa5967403d082aa24f35e1b516d23)
Start importing Assets/Plugins/Zenject/Source/Util/ProfileBlock.cs using Guid(952433523e6a6e445adc4ac7e2086e7d) Importer(2089858483,0ecaa5967403d082aa24f35e1b516d23) [PhysX] Initialized MultithreadedTaskDispatcher with 20 workers.
 -> (artifact id: '992ba807f9e0444cdc30210c88a4e769') in 0.022588 seconds
Number of updated asset objects reloaded before import = 0
Number of asset objects unloaded after import = 1
========================================================================
Received Import Request.
  Time since last request: 0.000143 seconds.
  path: Assets/Plugins/Zenject/Source/Runtime/TickableManager.cs
  artifactKey: Guid(2fa54cf0e36bd194faa8f877e9f699a4) Importer(2089858483,0ecaa5967403d082aa24f35e1b516d23)
Start importing Assets/Plugins/Zenject/Source/Runtime/TickableManager.cs using Guid(2fa54cf0e36bd194faa8f877e9f699a4) Importer(2089858483,0ecaa5967403d082aa24f35e1b516d23) [PhysX] Initialized MultithreadedTaskDispatcher with 20 workers.
 -> (artifact id: '10c282c63f948b51625e742fe8b4220c') in 0.019594 seconds
Number of updated asset objects reloaded before import = 0
Number of asset objects unloaded after import = 1
========================================================================
Received Import Request.
  Time since last request: 0.000164 seconds.
  path: Assets/Plugins/Zenject/Source/Util/ReflectionInfoTypeInfoConverter.cs
  artifactKey: Guid(e36c348f078bc444fa1e5b22aca27bad) Importer(2089858483,0ecaa5967403d082aa24f35e1b516d23)
Start importing Assets/Plugins/Zenject/Source/Util/ReflectionInfoTypeInfoConverter.cs using Guid(e36c348f078bc444fa1e5b22aca27bad) Importer(2089858483,0ecaa5967403d082aa24f35e1b516d23) [PhysX] Initialized MultithreadedTaskDispatcher with 20 workers.
 -> (artifact id: '017ec1b69eb6dfc74d30c015ad308927') in 0.023138 seconds
Number of updated asset objects reloaded before import = 0
Number of asset objects unloaded after import = 1
========================================================================
Received Import Request.
  Time since last request: 0.000077 seconds.
  path: Assets/Plugins/Zenject/Source/Providers/PoolableMemoryPoolProvider.cs
  artifactKey: Guid(6857585e55699ab4da01454c662e0e3b) Importer(2089858483,0ecaa5967403d082aa24f35e1b516d23)
Start importing Assets/Plugins/Zenject/Source/Providers/PoolableMemoryPoolProvider.cs using Guid(6857585e55699ab4da01454c662e0e3b) Importer(2089858483,0ecaa5967403d082aa24f35e1b516d23) [PhysX] Initialized MultithreadedTaskDispatcher with 20 workers.
 -> (artifact id: 'ea6e16238ca17410aa887a6b78e022a9') in 0.021012 seconds
Number of updated asset objects reloaded before import = 0
Number of asset objects unloaded after import = 1
========================================================================
Received Import Request.
  Time since last request: 0.000035 seconds.
  path: Assets/Plugins/Zenject/Source/Runtime/GuiRenderer.cs
  artifactKey: Guid(d6ee197c5aed3b048b76b82a9be3d094) Importer(2089858483,0ecaa5967403d082aa24f35e1b516d23)
Start importing Assets/Plugins/Zenject/Source/Runtime/GuiRenderer.cs using Guid(d6ee197c5aed3b048b76b82a9be3d094) Importer(2089858483,0ecaa5967403d082aa24f35e1b516d23) [PhysX] Initialized MultithreadedTaskDispatcher with 20 workers.
 -> (artifact id: '6b5c1bde6404250e55964435e93b332e') in 0.017961 seconds
Number of updated asset objects reloaded before import = 0
Number of asset objects unloaded after import = 1
========================================================================
Received Import Request.
  Time since last request: 0.000026 seconds.
  path: Assets/Plugins/Zenject/Source/Util/ZenjectStateMachineBehaviourAutoInjecter.cs
  artifactKey: Guid(486c69818dffcd14f96ce64502516bbb) Importer(2089858483,0ecaa5967403d082aa24f35e1b516d23)
Start importing Assets/Plugins/Zenject/Source/Util/ZenjectStateMachineBehaviourAutoInjecter.cs using Guid(486c69818dffcd14f96ce64502516bbb) Importer(2089858483,0ecaa5967403d082aa24f35e1b516d23) [PhysX] Initialized MultithreadedTaskDispatcher with 20 workers.
 -> (artifact id: 'ed054005cb2f6884840bf9bd2331ff62') in 0.023260 seconds
Number of updated asset objects reloaded before import = 0
Number of asset objects unloaded after import = 1
========================================================================
Received Import Request.
  Time since last request: 0.000051 seconds.
  path: Assets/Plugins/Zenject/Source/Runtime/SceneContextRegistry.cs
  artifactKey: Guid(11e438b2dc7552349949f24c14de14be) Importer(2089858483,0ecaa5967403d082aa24f35e1b516d23)
Start importing Assets/Plugins/Zenject/Source/Runtime/SceneContextRegistry.cs using Guid(11e438b2dc7552349949f24c14de14be) Importer(2089858483,0ecaa5967403d082aa24f35e1b516d23) [PhysX] Initialized MultithreadedTaskDispatcher with 20 workers.
 -> (artifact id: '4b22a7b8477a86afbc42b5803969e3e5') in 0.020732 seconds
Number of updated asset objects reloaded before import = 0
Number of asset objects unloaded after import = 1
========================================================================
Received Import Request.
  Time since last request: 0.000202 seconds.
  path: Assets/Plugins/Zenject/Source/Util/TypeAnalyzer.cs
  artifactKey: Guid(7359cd850f5a96d47ad4606d14dac326) Importer(2089858483,0ecaa5967403d082aa24f35e1b516d23)
Start importing Assets/Plugins/Zenject/Source/Util/TypeAnalyzer.cs using Guid(7359cd850f5a96d47ad4606d14dac326) Importer(2089858483,0ecaa5967403d082aa24f35e1b516d23) [PhysX] Initialized MultithreadedTaskDispatcher with 20 workers.
 -> (artifact id: 'adcf6c702687992622b6a7802f915371') in 0.018638 seconds
Number of updated asset objects reloaded before import = 0
Number of asset objects unloaded after import = 1
========================================================================
Received Import Request.
  Time since last request: 0.000026 seconds.
  path: Assets/Plugins/Zenject/Source/Usage/Zenject-usage.dll
  artifactKey: Guid(700aed094b237904eb96e963264dd6ff) Importer(2089858483,0ecaa5967403d082aa24f35e1b516d23)
Start importing Assets/Plugins/Zenject/Source/Usage/Zenject-usage.dll using Guid(700aed094b237904eb96e963264dd6ff) Importer(2089858483,0ecaa5967403d082aa24f35e1b516d23) [PhysX] Initialized MultithreadedTaskDispatcher with 20 workers.
 -> (artifact id: '5e52a751a5f62c76aae45ba579517abf') in 0.022612 seconds
Number of updated asset objects reloaded before import = 0
Number of asset objects unloaded after import = 1
========================================================================
Received Import Request.
  Time since last request: 0.000025 seconds.
  path: Assets/Plugins/Zenject/Source/Runtime/SceneContextRegistryAdderAndRemover.cs
  artifactKey: Guid(b13656f05675c384181e749264e6bcf9) Importer(2089858483,0ecaa5967403d082aa24f35e1b516d23)
Start importing Assets/Plugins/Zenject/Source/Runtime/SceneContextRegistryAdderAndRemover.cs using Guid(b13656f05675c384181e749264e6bcf9) Importer(2089858483,0ecaa5967403d082aa24f35e1b516d23) [PhysX] Initialized MultithreadedTaskDispatcher with 20 workers.
 -> (artifact id: '11b6e051c52b1e8279c4136f1e5f95a7') in 0.023844 seconds
Number of updated asset objects reloaded before import = 0
Number of asset objects unloaded after import = 1
========================================================================
Received Import Request.
  Time since last request: 0.000058 seconds.
  path: Assets/Plugins/Zenject/Source/Internal/LinqExtensions.cs
  artifactKey: Guid(68fac2f8aa1edec4b9ef45794638a59c) Importer(2089858483,0ecaa5967403d082aa24f35e1b516d23)
Start importing Assets/Plugins/Zenject/Source/Internal/LinqExtensions.cs using Guid(68fac2f8aa1edec4b9ef45794638a59c) Importer(2089858483,0ecaa5967403d082aa24f35e1b516d23) [PhysX] Initialized MultithreadedTaskDispatcher with 20 workers.
 -> (artifact id: '77b2c607de0a889d2e800c270c2b7300') in 0.020568 seconds
Number of updated asset objects reloaded before import = 0
Number of asset objects unloaded after import = 1
========================================================================
Received Import Request.
  Time since last request: 0.000026 seconds.
  path: Assets/Plugins/Zenject/Source/Injection/InjectContext.cs
  artifactKey: Guid(2005ce29739317b48bcc3c06695da848) Importer(2089858483,0ecaa5967403d082aa24f35e1b516d23)
Start importing Assets/Plugins/Zenject/Source/Injection/InjectContext.cs using Guid(2005ce29739317b48bcc3c06695da848) Importer(2089858483,0ecaa5967403d082aa24f35e1b516d23) [PhysX] Initialized MultithreadedTaskDispatcher with 20 workers.
 -> (artifact id: '9dfa78b8f9f4b2043fee590e4586ab10') in 0.022253 seconds
Number of updated asset objects reloaded before import = 0
Number of asset objects unloaded after import = 1
========================================================================
Received Import Request.
  Time since last request: 0.000124 seconds.
  path: Assets/Plugins/Zenject/Source/Runtime/DisposableManager.cs
  artifactKey: Guid(e62fabfe4695e4a439003c1c1fd5d008) Importer(2089858483,0ecaa5967403d082aa24f35e1b516d23)
Start importing Assets/Plugins/Zenject/Source/Runtime/DisposableManager.cs using Guid(e62fabfe4695e4a439003c1c1fd5d008) Importer(2089858483,0ecaa5967403d082aa24f35e1b516d23) [PhysX] Initialized MultithreadedTaskDispatcher with 20 workers.
 -> (artifact id: '2498c0bef4a871cd428b631a6b5903ce') in 0.021496 seconds
Number of updated asset objects reloaded before import = 0
Number of asset objects unloaded after import = 1
========================================================================
Received Import Request.
  Time since last request: 0.000134 seconds.
  path: Assets/Plugins/Zenject/Source/Providers/GetterProvider.cs
  artifactKey: Guid(ce3e2ecdd52e4db469d9bc497ff5e5f5) Importer(2089858483,0ecaa5967403d082aa24f35e1b516d23)
Start importing Assets/Plugins/Zenject/Source/Providers/GetterProvider.cs using Guid(ce3e2ecdd52e4db469d9bc497ff5e5f5) Importer(2089858483,0ecaa5967403d082aa24f35e1b516d23) [PhysX] Initialized MultithreadedTaskDispatcher with 20 workers.
 -> (artifact id: '66b0b59fea1a53d1c2dcb1177779fc66') in 0.023852 seconds
Number of updated asset objects reloaded before import = 0
Number of asset objects unloaded after import = 1
========================================================================
Received Import Request.
  Time since last request: 0.000030 seconds.
  path: Assets/Scripts/Tank/TankControls.cs
  artifactKey: Guid(1e360a6089d682e4bba8b289bea3276a) Importer(2089858483,0ecaa5967403d082aa24f35e1b516d23)
Start importing Assets/Scripts/Tank/TankControls.cs using Guid(1e360a6089d682e4bba8b289bea3276a) Importer(2089858483,0ecaa5967403d082aa24f35e1b516d23) [PhysX] Initialized MultithreadedTaskDispatcher with 20 workers.
 -> (artifact id: '5970e6bc7b9331ef13f36f20cbb76a40') in 0.022036 seconds
Number of updated asset objects reloaded before import = 0
Number of asset objects unloaded after import = 1
========================================================================
Received Import Request.
  Time since last request: 0.000141 seconds.
  path: Assets/Models/Tank/Materials/Textures/CTF_Elements/CTF_Elements_MetallicSmoothness.png
  artifactKey: Guid(94ba6fd0d2801f34c959053fd40c9335) Importer(2089858483,0ecaa5967403d082aa24f35e1b516d23)
Start importing Assets/Models/Tank/Materials/Textures/CTF_Elements/CTF_Elements_MetallicSmoothness.png using Guid(94ba6fd0d2801f34c959053fd40c9335) Importer(2089858483,0ecaa5967403d082aa24f35e1b516d23) [PhysX] Initialized MultithreadedTaskDispatcher with 20 workers.
 -> (artifact id: '9e1f3abd92b8e6250e79cb4c583c6141') in 0.035675 seconds
Number of updated asset objects reloaded before import = 0
Number of asset objects unloaded after import = 1
========================================================================
Received Import Request.
  Time since last request: 0.000124 seconds.
  path: Assets/Plugins/Zenject/Source/Binding/Binders/WithKernelDefaultParentScopeConcreteIdArgConditionCopyNonLazyBinder.cs
  artifactKey: Guid(4690c1b02bdf3d34998b8a505c85b1b2) Importer(2089858483,0ecaa5967403d082aa24f35e1b516d23)
Start importing Assets/Plugins/Zenject/Source/Binding/Binders/WithKernelDefaultParentScopeConcreteIdArgConditionCopyNonLazyBinder.cs using Guid(4690c1b02bdf3d34998b8a505c85b1b2) Importer(2089858483,0ecaa5967403d082aa24f35e1b516d23) [PhysX] Initialized MultithreadedTaskDispatcher with 20 workers.
 -> (artifact id: 'ce3cbd6d76d75bb26e35e46f61b60a0f') in 0.023997 seconds
Number of updated asset objects reloaded before import = 0
Number of asset objects unloaded after import = 1
========================================================================
Received Import Request.
  Time since last request: 0.000114 seconds.
  path: Assets/Plugins/Zenject/Source/Editor/Editors/RunnableContextEditor.cs
  artifactKey: Guid(02bed9738f9c4323ac05524465473dee) Importer(2089858483,0ecaa5967403d082aa24f35e1b516d23)
Start importing Assets/Plugins/Zenject/Source/Editor/Editors/RunnableContextEditor.cs using Guid(02bed9738f9c4323ac05524465473dee) Importer(2089858483,0ecaa5967403d082aa24f35e1b516d23) [PhysX] Initialized MultithreadedTaskDispatcher with 20 workers.
 -> (artifact id: '221174341c555a9ac866d29945e5eb3f') in 0.021819 seconds
Number of updated asset objects reloaded before import = 0
Number of asset objects unloaded after import = 1
========================================================================
Received Import Request.
  Time since last request: 0.000174 seconds.
  path: Assets/Plugins/Zenject/Source/Binding/BindInfo/MemoryPoolBindInfo.cs
  artifactKey: Guid(3f8798fbf64bca945a7be04615c08c4f) Importer(2089858483,0ecaa5967403d082aa24f35e1b516d23)
Start importing Assets/Plugins/Zenject/Source/Binding/BindInfo/MemoryPoolBindInfo.cs using Guid(3f8798fbf64bca945a7be04615c08c4f) Importer(2089858483,0ecaa5967403d082aa24f35e1b516d23) [PhysX] Initialized MultithreadedTaskDispatcher with 20 workers.
 -> (artifact id: '880cdaff8ba1d3f02c50afab3de1f32c') in 0.020273 seconds
Number of updated asset objects reloaded before import = 0
Number of asset objects unloaded after import = 1
========================================================================
Received Import Request.
  Time since last request: 0.000154 seconds.
  path: Assets/Plugins/Zenject/Source/Binding/BindInfo/BindInfo.cs
  artifactKey: Guid(647e28e377c50e549b443131ce6163fc) Importer(2089858483,0ecaa5967403d082aa24f35e1b516d23)
Start importing Assets/Plugins/Zenject/Source/Binding/BindInfo/BindInfo.cs using Guid(647e28e377c50e549b443131ce6163fc) Importer(2089858483,0ecaa5967403d082aa24f35e1b516d23) [PhysX] Initialized MultithreadedTaskDispatcher with 20 workers.
 -> (artifact id: '4e2c0c5c36fa07f00523e082a0381c1e') in 0.022047 seconds
Number of updated asset objects reloaded before import = 0
Number of asset objects unloaded after import = 1
========================================================================
Received Import Request.
  Time since last request: 0.000039 seconds.
  path: Assets/Models/Tank/Materials/Textures/CTF_Elements/CTF_Elements_Mixed_AO.png
  artifactKey: Guid(6ef311f1940bd554f987a9617289c3ca) Importer(2089858483,0ecaa5967403d082aa24f35e1b516d23)
Start importing Assets/Models/Tank/Materials/Textures/CTF_Elements/CTF_Elements_Mixed_AO.png using Guid(6ef311f1940bd554f987a9617289c3ca) Importer(2089858483,0ecaa5967403d082aa24f35e1b516d23) [PhysX] Initialized MultithreadedTaskDispatcher with 20 workers.
 -> (artifact id: '3d24f77922192804a10f125250cad1ab') in 0.031458 seconds
Number of updated asset objects reloaded before import = 0
Number of asset objects unloaded after import = 1
========================================================================
Received Import Request.
  Time since last request: 0.000021 seconds.
  path: Assets/Plugins/Zenject/Source/Binding/BindInfo/BindStatement.cs
  artifactKey: Guid(63a8f1068d150404f820c8cc9057dbc8) Importer(2089858483,0ecaa5967403d082aa24f35e1b516d23)
Start importing Assets/Plugins/Zenject/Source/Binding/BindInfo/BindStatement.cs using Guid(63a8f1068d150404f820c8cc9057dbc8) Importer(2089858483,0ecaa5967403d082aa24f35e1b516d23) [PhysX] Initialized MultithreadedTaskDispatcher with 20 workers.
 -> (artifact id: 'cb32c7c22a45754a1757fb3fff845927') in 0.019229 seconds
Number of updated asset objects reloaded before import = 0
Number of asset objects unloaded after import = 1
========================================================================
Received Import Request.
  Time since last request: 0.000034 seconds.
  path: Assets/Plugins/Zenject/Source/Binding/Binders/ConcreteIdArgConditionCopyNonLazyBinder.cs
  artifactKey: Guid(5803a20c252d8ae4498e79e8b3bb09e0) Importer(2089858483,0ecaa5967403d082aa24f35e1b516d23)
Start importing Assets/Plugins/Zenject/Source/Binding/Binders/ConcreteIdArgConditionCopyNonLazyBinder.cs using Guid(5803a20c252d8ae4498e79e8b3bb09e0) Importer(2089858483,0ecaa5967403d082aa24f35e1b516d23) [PhysX] Initialized MultithreadedTaskDispatcher with 20 workers.
 -> (artifact id: 'f15ee14e705a3bbbf835c905fa4c88fc') in 0.021502 seconds
Number of updated asset objects reloaded before import = 0
Number of asset objects unloaded after import = 1
========================================================================
Received Import Request.
  Time since last request: 0.000025 seconds.
  path: Assets/Plugins/Zenject/Source/Editor/Editors/GameObjectContextEditor.cs
  artifactKey: Guid(b0873c763efd1e94fb3a56ff80843cf1) Importer(2089858483,0ecaa5967403d082aa24f35e1b516d23)
Start importing Assets/Plugins/Zenject/Source/Editor/Editors/GameObjectContextEditor.cs using Guid(b0873c763efd1e94fb3a56ff80843cf1) Importer(2089858483,0ecaa5967403d082aa24f35e1b516d23) [PhysX] Initialized MultithreadedTaskDispatcher with 20 workers.
 -> (artifact id: 'fa7712bc82fcaca604bc1eb8b9812e12') in 0.023518 seconds
Number of updated asset objects reloaded before import = 0
Number of asset objects unloaded after import = 1
========================================================================
Received Import Request.
  Time since last request: 0.000125 seconds.
  path: Assets/Plugins/Zenject/Source/Util/ZenUtilInternal.cs
  artifactKey: Guid(401238e59d733ab48aaea1a582241b29) Importer(2089858483,0ecaa5967403d082aa24f35e1b516d23)
Start importing Assets/Plugins/Zenject/Source/Util/ZenUtilInternal.cs using Guid(401238e59d733ab48aaea1a582241b29) Importer(2089858483,0ecaa5967403d082aa24f35e1b516d23) [PhysX] Initialized MultithreadedTaskDispatcher with 20 workers.
 -> (artifact id: '252eb29f7efe25cf715de8595cce1e47') in 0.021366 seconds
Number of updated asset objects reloaded before import = 0
Number of asset objects unloaded after import = 1
========================================================================
Received Import Request.
  Time since last request: 0.000059 seconds.
  path: Assets/Plugins/Zenject/Source/Editor/Editors/SceneDecoratorContextEditor.cs
  artifactKey: Guid(d2b9289e80031104295e10acf518d75a) Importer(2089858483,0ecaa5967403d082aa24f35e1b516d23)
Start importing Assets/Plugins/Zenject/Source/Editor/Editors/SceneDecoratorContextEditor.cs using Guid(d2b9289e80031104295e10acf518d75a) Importer(2089858483,0ecaa5967403d082aa24f35e1b516d23) [PhysX] Initialized MultithreadedTaskDispatcher with 20 workers.
 -> (artifact id: '7de53818fe766478d4619f681579201c') in 0.020731 seconds
Number of updated asset objects reloaded before import = 0
Number of asset objects unloaded after import = 1
========================================================================
Received Import Request.
  Time since last request: 0.000024 seconds.
  path: Assets/Plugins/Zenject/Source/Binding/BindInfo/GameObjectCreationParameters.cs
  artifactKey: Guid(2b708f7f76ea5574e9a39b60cc5a8238) Importer(2089858483,0ecaa5967403d082aa24f35e1b516d23)
Start importing Assets/Plugins/Zenject/Source/Binding/BindInfo/GameObjectCreationParameters.cs using Guid(2b708f7f76ea5574e9a39b60cc5a8238) Importer(2089858483,0ecaa5967403d082aa24f35e1b516d23) [PhysX] Initialized MultithreadedTaskDispatcher with 20 workers.
 -> (artifact id: '89ed38b8ec50d6658df00167c39e40bb') in 0.023530 seconds
Number of updated asset objects reloaded before import = 0
Number of asset objects unloaded after import = 1
========================================================================
Received Import Request.
  Time since last request: 0.000019 seconds.
  path: Assets/Plugins/Zenject/Source/Editor/Editors/ProjectContextEditor.cs
  artifactKey: Guid(b5ad40b612e67574aad508d053e6965b) Importer(2089858483,0ecaa5967403d082aa24f35e1b516d23)
Start importing Assets/Plugins/Zenject/Source/Editor/Editors/ProjectContextEditor.cs using Guid(b5ad40b612e67574aad508d053e6965b) Importer(2089858483,0ecaa5967403d082aa24f35e1b516d23) [PhysX] Initialized MultithreadedTaskDispatcher with 20 workers.
 -> (artifact id: 'fbccffafd52c54620265f8e457e368b7') in 0.019420 seconds
Number of updated asset objects reloaded before import = 0
Number of asset objects unloaded after import = 1
========================================================================
Received Import Request.
  Time since last request: 0.000050 seconds.
  path: Assets/Plugins/Zenject/Source/Binding/Finalizers/ProviderBindingFinalizer.cs
  artifactKey: Guid(ee5cb643a9ee24c4fa00e62afc9ef599) Importer(2089858483,0ecaa5967403d082aa24f35e1b516d23)
Start importing Assets/Plugins/Zenject/Source/Binding/Finalizers/ProviderBindingFinalizer.cs using Guid(ee5cb643a9ee24c4fa00e62afc9ef599) Importer(2089858483,0ecaa5967403d082aa24f35e1b516d23) [PhysX] Initialized MultithreadedTaskDispatcher with 20 workers.
 -> (artifact id: 'fba7cb2e1607c6f12b8b4257abd4162e') in 0.021734 seconds
Number of updated asset objects reloaded before import = 0
Number of asset objects unloaded after import = 1
========================================================================
Received Import Request.
  Time since last request: 0.000028 seconds.
  path: Assets/Plugins/Zenject/Source/Binding/Binders/ScopeConcreteIdArgConditionCopyNonLazyBinder.cs
  artifactKey: Guid(5a71e3efc6d683d4cbc3b881bc4e2772) Importer(2089858483,0ecaa5967403d082aa24f35e1b516d23)
Start importing Assets/Plugins/Zenject/Source/Binding/Binders/ScopeConcreteIdArgConditionCopyNonLazyBinder.cs using Guid(5a71e3efc6d683d4cbc3b881bc4e2772) Importer(2089858483,0ecaa5967403d082aa24f35e1b516d23) [PhysX] Initialized MultithreadedTaskDispatcher with 20 workers.
 -> (artifact id: '46d1f25bf064bac07a53c69b823cfc22') in 0.020113 seconds
Number of updated asset objects reloaded before import = 0
Number of asset objects unloaded after import = 1
========================================================================
Received Import Request.
  Time since last request: 0.000030 seconds.
  path: Assets/Plugins/Zenject/Source/Binding/Binders/ArgConditionCopyNonLazyBinder.cs
  artifactKey: Guid(d0eff25a90fc7a4479dbb9a1f74dddc2) Importer(2089858483,0ecaa5967403d082aa24f35e1b516d23)
Start importing Assets/Plugins/Zenject/Source/Binding/Binders/ArgConditionCopyNonLazyBinder.cs using Guid(d0eff25a90fc7a4479dbb9a1f74dddc2) Importer(2089858483,0ecaa5967403d082aa24f35e1b516d23) [PhysX] Initialized MultithreadedTaskDispatcher with 20 workers.
 -> (artifact id: 'c5bc65818ea1ef187eccf256f065af9a') in 0.023833 seconds
Number of updated asset objects reloaded before import = 0
Number of asset objects unloaded after import = 1
========================================================================
Received Import Request.
  Time since last request: 0.000045 seconds.
  path: Assets/Plugins/Zenject/Source/Binding/Binders/CopyNonLazyBinder.cs
  artifactKey: Guid(6cf2e5d7a11cf6c418960ff59949b5fa) Importer(2089858483,0ecaa5967403d082aa24f35e1b516d23)
Start importing Assets/Plugins/Zenject/Source/Binding/Binders/CopyNonLazyBinder.cs using Guid(6cf2e5d7a11cf6c418960ff59949b5fa) Importer(2089858483,0ecaa5967403d082aa24f35e1b516d23) [PhysX] Initialized MultithreadedTaskDispatcher with 20 workers.
 -> (artifact id: 'f10a0802b4dd9e2c91dd13a08d668769') in 0.024440 seconds
Number of updated asset objects reloaded before import = 0
Number of asset objects unloaded after import = 1
========================================================================
Received Import Request.
  Time since last request: 0.000029 seconds.
  path: Assets/Plugins/Zenject/Source/Binding/Finalizers/SingleProviderBindingFinalizer.cs
  artifactKey: Guid(deaa9a3ee9e42a8448bba948495b9225) Importer(2089858483,0ecaa5967403d082aa24f35e1b516d23)
Start importing Assets/Plugins/Zenject/Source/Binding/Finalizers/SingleProviderBindingFinalizer.cs using Guid(deaa9a3ee9e42a8448bba948495b9225) Importer(2089858483,0ecaa5967403d082aa24f35e1b516d23) [PhysX] Initialized MultithreadedTaskDispatcher with 20 workers.
 -> (artifact id: 'e81a0db3313daf8cae69b3f022c25ddb') in 0.020228 seconds
Number of updated asset objects reloaded before import = 0
Number of asset objects unloaded after import = 1
========================================================================
Received Import Request.
  Time since last request: 0.000045 seconds.
  path: Assets/Plugins/Zenject/Source/Binding/Finalizers/PrefabBindingFinalizer.cs
  artifactKey: Guid(10487121a4674d74884ee65e70762e35) Importer(2089858483,0ecaa5967403d082aa24f35e1b516d23)
Start importing Assets/Plugins/Zenject/Source/Binding/Finalizers/PrefabBindingFinalizer.cs using Guid(10487121a4674d74884ee65e70762e35) Importer(2089858483,0ecaa5967403d082aa24f35e1b516d23) [PhysX] Initialized MultithreadedTaskDispatcher with 20 workers.
 -> (artifact id: '52a8391829049d79058b1f8f82c802d0') in 0.028818 seconds
Number of updated asset objects reloaded before import = 0
Number of asset objects unloaded after import = 1
========================================================================
Received Import Request.
  Time since last request: 0.000031 seconds.
  path: Assets/Effects/Smoke/Materials/Textures/smokeysteam.tif
  artifactKey: Guid(76e25da1cefc7f446bcc43a70fb13a0f) Importer(2089858483,0ecaa5967403d082aa24f35e1b516d23)
Start importing Assets/Effects/Smoke/Materials/Textures/smokeysteam.tif using Guid(76e25da1cefc7f446bcc43a70fb13a0f) Importer(2089858483,0ecaa5967403d082aa24f35e1b516d23) [PhysX] Initialized MultithreadedTaskDispatcher with 20 workers.
 -> (artifact id: '595a9af4fdcd8795f247b087d5cb4498') in 0.040128 seconds
Number of updated asset objects reloaded before import = 0
Number of asset objects unloaded after import = 1
========================================================================
Received Import Request.
  Time since last request: 0.000031 seconds.
  path: Assets/Prefabs/Blocks/GreenBlock.prefab
  artifactKey: Guid(a42c718f09a857b48b513db73b381edb) Importer(2089858483,0ecaa5967403d082aa24f35e1b516d23)
Start importing Assets/Prefabs/Blocks/GreenBlock.prefab using Guid(a42c718f09a857b48b513db73b381edb) Importer(2089858483,0ecaa5967403d082aa24f35e1b516d23) [PhysX] Initialized MultithreadedTaskDispatcher with 20 workers.
 -> (artifact id: 'ea16ec0e9094c512c5b3f695a50e27b4') in 0.036536 seconds
Number of updated asset objects reloaded before import = 0
Number of asset objects unloaded after import = 28
========================================================================
Received Import Request.
  Time since last request: 0.000031 seconds.
  path: Assets/Plugins/Zenject/Source/Providers/GameObjectProviders/PrefabGameObjectProvider.cs
  artifactKey: Guid(d776b7406750d7f4c816cd0c03e4e254) Importer(2089858483,0ecaa5967403d082aa24f35e1b516d23)
Start importing Assets/Plugins/Zenject/Source/Providers/GameObjectProviders/PrefabGameObjectProvider.cs using Guid(d776b7406750d7f4c816cd0c03e4e254) Importer(2089858483,0ecaa5967403d082aa24f35e1b516d23) [PhysX] Initialized MultithreadedTaskDispatcher with 20 workers.
 -> (artifact id: '1ff55e3fdaad7e54360c36cf4ee45af3') in 0.022518 seconds
Number of updated asset objects reloaded before import = 0
Number of asset objects unloaded after import = 1
========================================================================
Received Import Request.
  Time since last request: 0.000034 seconds.
  path: Assets/Plugins/Zenject/Source/Providers/GameObjectProviders/EmptyGameObjectProvider.cs
  artifactKey: Guid(f8f4db421196f5849b2139200fdea1a3) Importer(2089858483,0ecaa5967403d082aa24f35e1b516d23)
Start importing Assets/Plugins/Zenject/Source/Providers/GameObjectProviders/EmptyGameObjectProvider.cs using Guid(f8f4db421196f5849b2139200fdea1a3) Importer(2089858483,0ecaa5967403d082aa24f35e1b516d23) [PhysX] Initialized MultithreadedTaskDispatcher with 20 workers.
 -> (artifact id: 'aff819d9f6fce27e255bd34c0e0ecdf2') in 0.022795 seconds
Number of updated asset objects reloaded before import = 0
Number of asset objects unloaded after import = 1
========================================================================
Received Import Request.
  Time since last request: 0.000080 seconds.
  path: Assets/Plugins/Zenject/Source/Providers/SubContainerCreators/SubContainerCreatorByNewPrefab.cs
  artifactKey: Guid(17fc7cad09fe4e94f939551c85abf6d9) Importer(2089858483,0ecaa5967403d082aa24f35e1b516d23)
Start importing Assets/Plugins/Zenject/Source/Providers/SubContainerCreators/SubContainerCreatorByNewPrefab.cs using Guid(17fc7cad09fe4e94f939551c85abf6d9) Importer(2089858483,0ecaa5967403d082aa24f35e1b516d23) [PhysX] Initialized MultithreadedTaskDispatcher with 20 workers.
 -> (artifact id: '279f35cf5d9b31b2d79499ebdda06e9f') in 0.021629 seconds
Number of updated asset objects reloaded before import = 0
Number of asset objects unloaded after import = 1
========================================================================
Received Import Request.
  Time since last request: 0.000081 seconds.
  path: Assets/Plugins/Zenject/Source/Providers/ComponentProviders/InstantiateOnPrefabComponentProvider.cs
  artifactKey: Guid(e6836adf19243a045ba39e67ade6dd59) Importer(2089858483,0ecaa5967403d082aa24f35e1b516d23)
Start importing Assets/Plugins/Zenject/Source/Providers/ComponentProviders/InstantiateOnPrefabComponentProvider.cs using Guid(e6836adf19243a045ba39e67ade6dd59) Importer(2089858483,0ecaa5967403d082aa24f35e1b516d23) [PhysX] Initialized MultithreadedTaskDispatcher with 20 workers.
 -> (artifact id: '234e28d13858a2bcf4bdd0fdabcb53a0') in 0.018609 seconds
Number of updated asset objects reloaded before import = 0
Number of asset objects unloaded after import = 1
========================================================================
Received Import Request.
  Time since last request: 0.000091 seconds.
  path: Assets/Plugins/Zenject/Source/Providers/PrefabProviders/IPrefabProvider.cs
  artifactKey: Guid(3b63b8088376c9a499e7f506a237392d) Importer(2089858483,0ecaa5967403d082aa24f35e1b516d23)
Start importing Assets/Plugins/Zenject/Source/Providers/PrefabProviders/IPrefabProvider.cs using Guid(3b63b8088376c9a499e7f506a237392d) Importer(2089858483,0ecaa5967403d082aa24f35e1b516d23) [PhysX] Initialized MultithreadedTaskDispatcher with 20 workers.
 -> (artifact id: '74e687d0790bb744a51f7f3ef446cdcf') in 0.025768 seconds
Number of updated asset objects reloaded before import = 0
Number of asset objects unloaded after import = 1
========================================================================
Received Import Request.
  Time since last request: 0.000116 seconds.
  path: Assets/Plugins/Zenject/Source/Providers/SubContainerCreators/ISubContainerCreator.cs
  artifactKey: Guid(83273a08f84aa9a48b37fe0b1bae0958) Importer(2089858483,0ecaa5967403d082aa24f35e1b516d23)
Start importing Assets/Plugins/Zenject/Source/Providers/SubContainerCreators/ISubContainerCreator.cs using Guid(83273a08f84aa9a48b37fe0b1bae0958) Importer(2089858483,0ecaa5967403d082aa24f35e1b516d23) [PhysX] Initialized MultithreadedTaskDispatcher with 20 workers.
 -> (artifact id: 'f681e85905bad78a9c2c6b99123915ab') in 0.024575 seconds
Number of updated asset objects reloaded before import = 0
Number of asset objects unloaded after import = 1
========================================================================
Received Import Request.
  Time since last request: 0.000019 seconds.
  path: Assets/Plugins/Zenject/Source/Providers/PrefabCreators/PrefabInstantiator.cs
  artifactKey: Guid(7dfc3341d0446554996b2969abf2d1ff) Importer(2089858483,0ecaa5967403d082aa24f35e1b516d23)
Start importing Assets/Plugins/Zenject/Source/Providers/PrefabCreators/PrefabInstantiator.cs using Guid(7dfc3341d0446554996b2969abf2d1ff) Importer(2089858483,0ecaa5967403d082aa24f35e1b516d23) [PhysX] Initialized MultithreadedTaskDispatcher with 20 workers.
 -> (artifact id: '91a21aff67c6e250cd594b85a9320171') in 0.020765 seconds
Number of updated asset objects reloaded before import = 0
Number of asset objects unloaded after import = 1
========================================================================
Received Import Request.
  Time since last request: 0.000020 seconds.
  path: Assets/Plugins/Zenject/Source/Editor/EditorWindow/ZenjectEditorWindow.cs
  artifactKey: Guid(bc25e694ccedbed4893d980ee61d1c8f) Importer(2089858483,0ecaa5967403d082aa24f35e1b516d23)
Start importing Assets/Plugins/Zenject/Source/Editor/EditorWindow/ZenjectEditorWindow.cs using Guid(bc25e694ccedbed4893d980ee61d1c8f) Importer(2089858483,0ecaa5967403d082aa24f35e1b516d23) [PhysX] Initialized MultithreadedTaskDispatcher with 20 workers.
 -> (artifact id: '3ce78d553bfd9e241b8b2dbb226b7421') in 0.023175 seconds
Number of updated asset objects reloaded before import = 0
Number of asset objects unloaded after import = 1
========================================================================
Received Import Request.
  Time since last request: 0.000019 seconds.
  path: Assets/Plugins/Zenject/Source/Install/Contexts/SceneContext.cs
  artifactKey: Guid(89715ad69b973a14899afa2c6730b30b) Importer(2089858483,0ecaa5967403d082aa24f35e1b516d23)
Start importing Assets/Plugins/Zenject/Source/Install/Contexts/SceneContext.cs using Guid(89715ad69b973a14899afa2c6730b30b) Importer(2089858483,0ecaa5967403d082aa24f35e1b516d23) [PhysX] Initialized MultithreadedTaskDispatcher with 20 workers.
 -> (artifact id: '40bd35e6a7b8e8ca46f9266f141be8ad') in 0.024543 seconds
Number of updated asset objects reloaded before import = 0
Number of asset objects unloaded after import = 1
========================================================================
Received Import Request.
  Time since last request: 0.000020 seconds.
  path: Assets/Plugins/Zenject/Source/Providers/SubContainerCreators/SubContainerCreatorBindInfo.cs
  artifactKey: Guid(2d894c838f0dcc34bb38d1311af9ea56) Importer(2089858483,0ecaa5967403d082aa24f35e1b516d23)
Start importing Assets/Plugins/Zenject/Source/Providers/SubContainerCreators/SubContainerCreatorBindInfo.cs using Guid(2d894c838f0dcc34bb38d1311af9ea56) Importer(2089858483,0ecaa5967403d082aa24f35e1b516d23) [PhysX] Initialized MultithreadedTaskDispatcher with 20 workers.
 -> (artifact id: 'd4e5daf26e5975e55bbe919247a12072') in 0.024640 seconds
Number of updated asset objects reloaded before import = 0
Number of asset objects unloaded after import = 1
========================================================================
Received Import Request.
  Time since last request: 0.000024 seconds.
  path: Assets/Plugins/Zenject/Source/Runtime/TaskUpdater.cs
  artifactKey: Guid(4e52124c243adb44aaf26eed3a8413c8) Importer(2089858483,0ecaa5967403d082aa24f35e1b516d23)
Start importing Assets/Plugins/Zenject/Source/Runtime/TaskUpdater.cs using Guid(4e52124c243adb44aaf26eed3a8413c8) Importer(2089858483,0ecaa5967403d082aa24f35e1b516d23) [PhysX] Initialized MultithreadedTaskDispatcher with 20 workers.
 -> (artifact id: 'cbf4bc0cf66b167afa3c433fa8101437') in 0.020471 seconds
Number of updated asset objects reloaded before import = 0
Number of asset objects unloaded after import = 1
========================================================================
Received Import Request.
  Time since last request: 0.000131 seconds.
  path: Assets/TextMesh Pro/Resources/Style Sheets/Default Style Sheet.asset
  artifactKey: Guid(f952c082cb03451daed3ee968ac6c63e) Importer(2089858483,0ecaa5967403d082aa24f35e1b516d23)
Start importing Assets/TextMesh Pro/Resources/Style Sheets/Default Style Sheet.asset using Guid(f952c082cb03451daed3ee968ac6c63e) Importer(2089858483,0ecaa5967403d082aa24f35e1b516d23) [PhysX] Initialized MultithreadedTaskDispatcher with 20 workers.
 -> (artifact id: '5c507a7c5c4e688c3a5cb205bb9f7caa') in 0.022897 seconds
Number of updated asset objects reloaded before import = 0
Number of asset objects unloaded after import = 1
========================================================================
Received Import Request.
  Time since last request: 0.000023 seconds.
  path: Assets/Animations/Indicator/IndicatorThird_Anim.anim
  artifactKey: Guid(1ed7a6d85ed608446b4235996a57d4f6) Importer(2089858483,0ecaa5967403d082aa24f35e1b516d23)
Start importing Assets/Animations/Indicator/IndicatorThird_Anim.anim using Guid(1ed7a6d85ed608446b4235996a57d4f6) Importer(2089858483,0ecaa5967403d082aa24f35e1b516d23) [PhysX] Initialized MultithreadedTaskDispatcher with 20 workers.
 -> (artifact id: '8d2eee29183ed0f943a366ddb12d1d94') in 0.038298 seconds
Number of updated asset objects reloaded before import = 0
Number of asset objects unloaded after import = 1
========================================================================
Received Import Request.
  Time since last request: 0.000028 seconds.
  path: Assets/Models/Tank/Materials/Textures/CTF_TankFree/CTF_TankFree_Emission.png
  artifactKey: Guid(842e1df99dbfea64e8b3a908fb50d32f) Importer(2089858483,0ecaa5967403d082aa24f35e1b516d23)
Start importing Assets/Models/Tank/Materials/Textures/CTF_TankFree/CTF_TankFree_Emission.png using Guid(842e1df99dbfea64e8b3a908fb50d32f) Importer(2089858483,0ecaa5967403d082aa24f35e1b516d23) [PhysX] Initialized MultithreadedTaskDispatcher with 20 workers.
 -> (artifact id: '1bfa624cdded8efff5d4a7b7e5f5e185') in 0.026811 seconds
Number of updated asset objects reloaded before import = 0
Number of asset objects unloaded after import = 1
========================================================================
Received Import Request.
  Time since last request: 0.000148 seconds.
  path: Assets/Plugins/Zenject/Source/Providers/MethodProviderWithContainer.cs
  artifactKey: Guid(eb5886f51fc492043bf8d0cc8f4daa2e) Importer(2089858483,0ecaa5967403d082aa24f35e1b516d23)
Start importing Assets/Plugins/Zenject/Source/Providers/MethodProviderWithContainer.cs using Guid(eb5886f51fc492043bf8d0cc8f4daa2e) Importer(2089858483,0ecaa5967403d082aa24f35e1b516d23) [PhysX] Initialized MultithreadedTaskDispatcher with 20 workers.
 -> (artifact id: 'd6bd0ed5926546bee3d572f74fe35fa7') in 0.021354 seconds
Number of updated asset objects reloaded before import = 0
Number of asset objects unloaded after import = 1
========================================================================
Received Import Request.
  Time since last request: 0.000072 seconds.
  path: Assets/Models/Tank/Materials/Textures/CTF_TankFree/CTF_TankFree_MetallicSmoothness.png
  artifactKey: Guid(050f134227276574f82a9b537f192e04) Importer(2089858483,0ecaa5967403d082aa24f35e1b516d23)
Start importing Assets/Models/Tank/Materials/Textures/CTF_TankFree/CTF_TankFree_MetallicSmoothness.png using Guid(050f134227276574f82a9b537f192e04) Importer(2089858483,0ecaa5967403d082aa24f35e1b516d23) [PhysX] Initialized MultithreadedTaskDispatcher with 20 workers.
 -> (artifact id: '5330fbf0589faa88a2b2a07d3f69585c') in 0.039485 seconds
Number of updated asset objects reloaded before import = 0
Number of asset objects unloaded after import = 1
========================================================================
Received Import Request.
  Time since last request: 0.000060 seconds.
  path: Assets/Plugins/Zenject/Source/Internal/PreserveAttribute.cs
  artifactKey: Guid(de17d24691e2bfd458a9d10cb1d49098) Importer(2089858483,0ecaa5967403d082aa24f35e1b516d23)
Start importing Assets/Plugins/Zenject/Source/Internal/PreserveAttribute.cs using Guid(de17d24691e2bfd458a9d10cb1d49098) Importer(2089858483,0ecaa5967403d082aa24f35e1b516d23) [PhysX] Initialized MultithreadedTaskDispatcher with 20 workers.
 -> (artifact id: '65b1651b7119929bc2e37e93de03b39f') in 0.022022 seconds
Number of updated asset objects reloaded before import = 0
Number of asset objects unloaded after import = 1
========================================================================
Received Import Request.
  Time since last request: 0.000040 seconds.
  path: Assets/Effects/Explosion/Materials/Explosion.mat
  artifactKey: Guid(6421a5a06ae9f7a47a57b67f35c73b5a) Importer(2089858483,0ecaa5967403d082aa24f35e1b516d23)
Start importing Assets/Effects/Explosion/Materials/Explosion.mat using Guid(6421a5a06ae9f7a47a57b67f35c73b5a) Importer(2089858483,0ecaa5967403d082aa24f35e1b516d23) [PhysX] Initialized MultithreadedTaskDispatcher with 20 workers.
 -> (artifact id: '799947d9167be91f212e084a8827e784') in 0.068663 seconds
Number of updated asset objects reloaded before import = 0
Number of asset objects unloaded after import = 3
========================================================================
Received Import Request.
  Time since last request: 0.000021 seconds.
  path: Assets/Plugins/Zenject/Source/Binding/Binders/Factory/FactoryToChoiceBinder/DecoratorToChoiceFromBinder.cs
  artifactKey: Guid(e70f91cb77703ce42ae6ad721b89d35c) Importer(2089858483,0ecaa5967403d082aa24f35e1b516d23)
Start importing Assets/Plugins/Zenject/Source/Binding/Binders/Factory/FactoryToChoiceBinder/DecoratorToChoiceFromBinder.cs using Guid(e70f91cb77703ce42ae6ad721b89d35c) Importer(2089858483,0ecaa5967403d082aa24f35e1b516d23) [PhysX] Initialized MultithreadedTaskDispatcher with 20 workers.
 -> (artifact id: '2b3c35a5a8ea1e080c24f54216e31d36') in 0.022073 seconds
Number of updated asset objects reloaded before import = 0
Number of asset objects unloaded after import = 1
========================================================================
Received Import Request.
  Time since last request: 0.000077 seconds.
  path: Assets/Plugins/Zenject/Source/Providers/SubContainerCreators/SubContainerCreatorUtil.cs
  artifactKey: Guid(c07a01bd5fbd00d43a50854896a92472) Importer(2089858483,0ecaa5967403d082aa24f35e1b516d23)
Start importing Assets/Plugins/Zenject/Source/Providers/SubContainerCreators/SubContainerCreatorUtil.cs using Guid(c07a01bd5fbd00d43a50854896a92472) Importer(2089858483,0ecaa5967403d082aa24f35e1b516d23) [PhysX] Initialized MultithreadedTaskDispatcher with 20 workers.
 -> (artifact id: '2b4d38a4cd558ceb156f6c75c83ae790') in 0.021749 seconds
Number of updated asset objects reloaded before import = 0
Number of asset objects unloaded after import = 1
========================================================================
Received Import Request.
  Time since last request: 0.000022 seconds.
  path: Assets/Plugins/Zenject/Source/Providers/ComponentProviders/AddToGameObjectComponentProviders/AddToNewGameObjectComponentProvider.cs
  artifactKey: Guid(6e1085d337c03dd42a1d5493c11d9d23) Importer(2089858483,0ecaa5967403d082aa24f35e1b516d23)
Start importing Assets/Plugins/Zenject/Source/Providers/ComponentProviders/AddToGameObjectComponentProviders/AddToNewGameObjectComponentProvider.cs using Guid(6e1085d337c03dd42a1d5493c11d9d23) Importer(2089858483,0ecaa5967403d082aa24f35e1b516d23) [PhysX] Initialized MultithreadedTaskDispatcher with 20 workers.
 -> (artifact id: '5ef0abc38f9c45f83a77789a8291cfbd') in 0.022663 seconds
Number of updated asset objects reloaded before import = 0
Number of asset objects unloaded after import = 1
========================================================================
Received Import Request.
  Time since last request: 0.000120 seconds.
  path: Assets/Plugins/Zenject/Source/Binding/Binders/Factory/FactoryToChoiceBinder/FactoryToChoiceBinder3.cs
  artifactKey: Guid(a71cc77bd306cca459126294c63080b1) Importer(2089858483,0ecaa5967403d082aa24f35e1b516d23)
Start importing Assets/Plugins/Zenject/Source/Binding/Binders/Factory/FactoryToChoiceBinder/FactoryToChoiceBinder3.cs using Guid(a71cc77bd306cca459126294c63080b1) Importer(2089858483,0ecaa5967403d082aa24f35e1b516d23) [PhysX] Initialized MultithreadedTaskDispatcher with 20 workers.
 -> (artifact id: 'dfd326ab8cda50a19bde7dcee8c16539') in 0.021194 seconds
Number of updated asset objects reloaded before import = 0
Number of asset objects unloaded after import = 1
========================================================================
Received Import Request.
  Time since last request: 0.000026 seconds.
  path: Assets/Plugins/Zenject/Source/Runtime/AnimatorInterfaces/AnimatorIkHandlerManager.cs
  artifactKey: Guid(34ee2459debfb734d968c54ced01b9af) Importer(2089858483,0ecaa5967403d082aa24f35e1b516d23)
Start importing Assets/Plugins/Zenject/Source/Runtime/AnimatorInterfaces/AnimatorIkHandlerManager.cs using Guid(34ee2459debfb734d968c54ced01b9af) Importer(2089858483,0ecaa5967403d082aa24f35e1b516d23) [PhysX] Initialized MultithreadedTaskDispatcher with 20 workers.
 -> (artifact id: '6cdfff37393cffa82d81676934e72b43') in 0.020597 seconds
Number of updated asset objects reloaded before import = 0
Number of asset objects unloaded after import = 1
========================================================================
Received Import Request.
  Time since last request: 0.000053 seconds.
  path: Assets/Plugins/Zenject/Source/Runtime/AnimatorInterfaces/IAnimatorMoveHandler.cs
  artifactKey: Guid(8e42d79e9a3ccae46b54d9b173778a17) Importer(2089858483,0ecaa5967403d082aa24f35e1b516d23)
Start importing Assets/Plugins/Zenject/Source/Runtime/AnimatorInterfaces/IAnimatorMoveHandler.cs using Guid(8e42d79e9a3ccae46b54d9b173778a17) Importer(2089858483,0ecaa5967403d082aa24f35e1b516d23) [PhysX] Initialized MultithreadedTaskDispatcher with 20 workers.
 -> (artifact id: '49c44b94e00521fde4d8897ebc62c2b3') in 0.019543 seconds
Number of updated asset objects reloaded before import = 0
Number of asset objects unloaded after import = 1
========================================================================
Received Import Request.
  Time since last request: 0.000058 seconds.
  path: Assets/Plugins/Zenject/Source/Binding/Binders/Factory/FactoryToChoiceBinder/FactoryToChoiceBinder2.cs
  artifactKey: Guid(59c18bddf62adaf46b1de0564bf02388) Importer(2089858483,0ecaa5967403d082aa24f35e1b516d23)
Start importing Assets/Plugins/Zenject/Source/Binding/Binders/Factory/FactoryToChoiceBinder/FactoryToChoiceBinder2.cs using Guid(59c18bddf62adaf46b1de0564bf02388) Importer(2089858483,0ecaa5967403d082aa24f35e1b516d23) [PhysX] Initialized MultithreadedTaskDispatcher with 20 workers.
 -> (artifact id: 'e0ce83a1ed36d60a768554a0001eee92') in 0.019936 seconds
Number of updated asset objects reloaded before import = 0
Number of asset objects unloaded after import = 1
========================================================================
Received Import Request.
  Time since last request: 0.000054 seconds.
  path: Assets/Plugins/Zenject/Source/Binding/Binders/Factory/FactoryArgumentsToChoiceBinder/FactoryArgumentsToChoiceBinder5.cs
  artifactKey: Guid(f3c4d5776729d2d4abae523dd6dce595) Importer(2089858483,0ecaa5967403d082aa24f35e1b516d23)
Start importing Assets/Plugins/Zenject/Source/Binding/Binders/Factory/FactoryArgumentsToChoiceBinder/FactoryArgumentsToChoiceBinder5.cs using Guid(f3c4d5776729d2d4abae523dd6dce595) Importer(2089858483,0ecaa5967403d082aa24f35e1b516d23) [PhysX] Initialized MultithreadedTaskDispatcher with 20 workers.
 -> (artifact id: '64270c950e65c6ac4bd8ece6388088fa') in 0.018042 seconds
Number of updated asset objects reloaded before import = 0
Number of asset objects unloaded after import = 1
========================================================================
Received Import Request.
  Time since last request: 0.000039 seconds.
  path: Assets/Plugins/Zenject/Source/Binding/Binders/Factory/FactoryFromBinder/FactoryFromBinder5.cs
  artifactKey: Guid(901200be3b8d1cc40876aa50a03103b8) Importer(2089858483,0ecaa5967403d082aa24f35e1b516d23)
Start importing Assets/Plugins/Zenject/Source/Binding/Binders/Factory/FactoryFromBinder/FactoryFromBinder5.cs using Guid(901200be3b8d1cc40876aa50a03103b8) Importer(2089858483,0ecaa5967403d082aa24f35e1b516d23) [PhysX] Initialized MultithreadedTaskDispatcher with 20 workers.
 -> (artifact id: '0349727838f5cc4ac1b67cfd5f0e4038') in 0.021275 seconds
Number of updated asset objects reloaded before import = 0
Number of asset objects unloaded after import = 1
========================================================================
Received Import Request.
  Time since last request: 0.000035 seconds.
  path: Assets/Plugins/Zenject/Source/Runtime/Kernels/DefaultGameObjectKernel.cs
  artifactKey: Guid(1c47912ae4e51a84d92f1acf689997c8) Importer(2089858483,0ecaa5967403d082aa24f35e1b516d23)
Start importing Assets/Plugins/Zenject/Source/Runtime/Kernels/DefaultGameObjectKernel.cs using Guid(1c47912ae4e51a84d92f1acf689997c8) Importer(2089858483,0ecaa5967403d082aa24f35e1b516d23) [PhysX] Initialized MultithreadedTaskDispatcher with 20 workers.
 -> (artifact id: 'fc7bf9100e65e191e71230ce9d0dfaa9') in 0.021380 seconds
Number of updated asset objects reloaded before import = 0
Number of asset objects unloaded after import = 1
========================================================================
Received Import Request.
  Time since last request: 0.000019 seconds.
  path: Assets/Plugins/Zenject/Source/Binding/Binders/Conventions/ConventionFilterTypesBinder.cs
  artifactKey: Guid(fc3e9c89606ca52458403153ad0d9b3e) Importer(2089858483,0ecaa5967403d082aa24f35e1b516d23)
Start importing Assets/Plugins/Zenject/Source/Binding/Binders/Conventions/ConventionFilterTypesBinder.cs using Guid(fc3e9c89606ca52458403153ad0d9b3e) Importer(2089858483,0ecaa5967403d082aa24f35e1b516d23) [PhysX] Initialized MultithreadedTaskDispatcher with 20 workers.
 -> (artifact id: 'ff671a8a940169fb9a44b58f59a6c112') in 0.021272 seconds
Number of updated asset objects reloaded before import = 0
Number of asset objects unloaded after import = 1
========================================================================
Received Import Request.
  Time since last request: 0.000124 seconds.
  path: Assets/PhysicMaterials/ElementPhysicMaterial.physicMaterial
  artifactKey: Guid(5b0ffae8f8f7d444c9ce40cc3b8dae01) Importer(2089858483,0ecaa5967403d082aa24f35e1b516d23)
Start importing Assets/PhysicMaterials/ElementPhysicMaterial.physicMaterial using Guid(5b0ffae8f8f7d444c9ce40cc3b8dae01) Importer(2089858483,0ecaa5967403d082aa24f35e1b516d23) [PhysX] Initialized MultithreadedTaskDispatcher with 20 workers.
 -> (artifact id: 'ee99726dceda44688a5fdaf946841008') in 0.032866 seconds
Number of updated asset objects reloaded before import = 0
Number of asset objects unloaded after import = 1
========================================================================
Received Import Request.
  Time since last request: 0.000023 seconds.
  path: Assets/Prefabs/StartLevel/SpringChain.prefab
  artifactKey: Guid(2c76889dfdcb80746838f4f55930c88a) Importer(2089858483,0ecaa5967403d082aa24f35e1b516d23)
Start importing Assets/Prefabs/StartLevel/SpringChain.prefab using Guid(2c76889dfdcb80746838f4f55930c88a) Importer(2089858483,0ecaa5967403d082aa24f35e1b516d23) [PhysX] Initialized MultithreadedTaskDispatcher with 20 workers.
 -> (artifact id: '48fa376b229bb99eadc58a67ecf387fa') in 0.038912 seconds
Number of updated asset objects reloaded before import = 0
Number of asset objects unloaded after import = 9
========================================================================
Received Import Request.
  Time since last request: 0.000034 seconds.
  path: Assets/Plugins/Zenject/Source/Factories/Pooling/Util/PoolCleanupChecker.cs
  artifactKey: Guid(69aee89274cd16b48aa790ddd5a061d2) Importer(2089858483,0ecaa5967403d082aa24f35e1b516d23)
Start importing Assets/Plugins/Zenject/Source/Factories/Pooling/Util/PoolCleanupChecker.cs using Guid(69aee89274cd16b48aa790ddd5a061d2) Importer(2089858483,0ecaa5967403d082aa24f35e1b516d23) [PhysX] Initialized MultithreadedTaskDispatcher with 20 workers.
 -> (artifact id: '7ce5a766cd44c34057227520006ce1e0') in 0.020297 seconds
Number of updated asset objects reloaded before import = 0
Number of asset objects unloaded after import = 1
========================================================================
Received Import Request.
  Time since last request: 0.000110 seconds.
  path: Assets/Plugins/Zenject/Source/Providers/ComponentProviders/AddToGameObjectComponentProviders/AddToExistingGameObjectComponentProvider.cs
  artifactKey: Guid(669e8af5b17774d45acea73d348e6dca) Importer(2089858483,0ecaa5967403d082aa24f35e1b516d23)
Start importing Assets/Plugins/Zenject/Source/Providers/ComponentProviders/AddToGameObjectComponentProviders/AddToExistingGameObjectComponentProvider.cs using Guid(669e8af5b17774d45acea73d348e6dca) Importer(2089858483,0ecaa5967403d082aa24f35e1b516d23) [PhysX] Initialized MultithreadedTaskDispatcher with 20 workers.
 -> (artifact id: 'bc34d714b0bc41784bc17c0b615f3ab9') in 0.020935 seconds
Number of updated asset objects reloaded before import = 0
Number of asset objects unloaded after import = 1
========================================================================
Received Import Request.
  Time since last request: 0.000047 seconds.
  path: Assets/Plugins/Zenject/Source/Providers/ComponentProviders/GetFromPrefabComponentProvider.cs
  artifactKey: Guid(e6a49432e004bd8409d3ddea6a45a3f8) Importer(2089858483,0ecaa5967403d082aa24f35e1b516d23)
Start importing Assets/Plugins/Zenject/Source/Providers/ComponentProviders/GetFromPrefabComponentProvider.cs using Guid(e6a49432e004bd8409d3ddea6a45a3f8) Importer(2089858483,0ecaa5967403d082aa24f35e1b516d23) [PhysX] Initialized MultithreadedTaskDispatcher with 20 workers.
 -> (artifact id: 'af7fcc3b5c38de1a1d5f5743fe07fbc3') in 0.018750 seconds
Number of updated asset objects reloaded before import = 0
Number of asset objects unloaded after import = 1
========================================================================
Received Import Request.
  Time since last request: 0.000023 seconds.
  path: Assets/Plugins/Zenject/Source/Util/ZenReflectionTypeAnalyzer.cs
  artifactKey: Guid(046b222c5a2e0994cb5c424ed912f808) Importer(2089858483,0ecaa5967403d082aa24f35e1b516d23)
Start importing Assets/Plugins/Zenject/Source/Util/ZenReflectionTypeAnalyzer.cs using Guid(046b222c5a2e0994cb5c424ed912f808) Importer(2089858483,0ecaa5967403d082aa24f35e1b516d23) [PhysX] Initialized MultithreadedTaskDispatcher with 20 workers.
 -> (artifact id: '98c4397d338c8c03911a68a62f74aa12') in 0.020422 seconds
Number of updated asset objects reloaded before import = 0
Number of asset objects unloaded after import = 1
========================================================================
Received Import Request.
  Time since last request: 0.000078 seconds.
  path: Assets/Scripts/Bullets/Projectile.cs
  artifactKey: Guid(49ca9cb6b7f846ae81ae87e0dbed4643) Importer(2089858483,0ecaa5967403d082aa24f35e1b516d23)
Start importing Assets/Scripts/Bullets/Projectile.cs using Guid(49ca9cb6b7f846ae81ae87e0dbed4643) Importer(2089858483,0ecaa5967403d082aa24f35e1b516d23) [PhysX] Initialized MultithreadedTaskDispatcher with 20 workers.
 -> (artifact id: '0c896ec4c879c8c97d0de28a18c83270') in 0.019166 seconds
Number of updated asset objects reloaded before import = 0
Number of asset objects unloaded after import = 1
========================================================================
Received Import Request.
  Time since last request: 0.000147 seconds.
  path: Assets/TextMesh Pro/Shaders/TMP_SDF-Surface-Mobile.shader
  artifactKey: Guid(85187c2149c549c5b33f0cdb02836b17) Importer(2089858483,0ecaa5967403d082aa24f35e1b516d23)
Start importing Assets/TextMesh Pro/Shaders/TMP_SDF-Surface-Mobile.shader using Guid(85187c2149c549c5b33f0cdb02836b17) Importer(2089858483,0ecaa5967403d082aa24f35e1b516d23) [PhysX] Initialized MultithreadedTaskDispatcher with 20 workers.
 -> (artifact id: 'f174876d775ee2c115a2bf3b8b9f0f49') in 0.021444 seconds
Number of updated asset objects reloaded before import = 0
Number of asset objects unloaded after import = 1
========================================================================
Received Import Request.
  Time since last request: 0.000023 seconds.
  path: Assets/Effects/Weapon/Materials/MuzzleFlash01.mat
  artifactKey: Guid(a8cb413d77ceb054abf10c2c6ee66337) Importer(2089858483,0ecaa5967403d082aa24f35e1b516d23)
Start importing Assets/Effects/Weapon/Materials/MuzzleFlash01.mat using Guid(a8cb413d77ceb054abf10c2c6ee66337) Importer(2089858483,0ecaa5967403d082aa24f35e1b516d23) [PhysX] Initialized MultithreadedTaskDispatcher with 20 workers.
 -> (artifact id: '51b41a6f25293d2aaaac285d998ccd7b') in 0.039195 seconds
Number of updated asset objects reloaded before import = 0
Number of asset objects unloaded after import = 2
========================================================================
Received Import Request.
  Time since last request: 0.000022 seconds.
  path: Assets/Plugins/Zenject/Source/Binding/Binders/Factory/FactoryFromBinder/SubContainerBinder/FactorySubContainerBinder0.cs
  artifactKey: Guid(3c12d5eb6ac4cc8449986d020ef27e4f) Importer(2089858483,0ecaa5967403d082aa24f35e1b516d23)
Start importing Assets/Plugins/Zenject/Source/Binding/Binders/Factory/FactoryFromBinder/SubContainerBinder/FactorySubContainerBinder0.cs using Guid(3c12d5eb6ac4cc8449986d020ef27e4f) Importer(2089858483,0ecaa5967403d082aa24f35e1b516d23) [PhysX] Initialized MultithreadedTaskDispatcher with 20 workers.
 -> (artifact id: '55e87aadb16dbf65077fe6189f0d15ea') in 0.019627 seconds
Number of updated asset objects reloaded before import = 0
Number of asset objects unloaded after import = 1
========================================================================
Received Import Request.
  Time since last request: 0.000028 seconds.
  path: Assets/Plugins/Zenject/Source/Binding/Binders/Factory/FactoryToChoiceIdBinder/FactoryToChoiceIdBinder6.cs
  artifactKey: Guid(b60ae0cff4748ec43b6cb040b0f3a728) Importer(2089858483,0ecaa5967403d082aa24f35e1b516d23)
Start importing Assets/Plugins/Zenject/Source/Binding/Binders/Factory/FactoryToChoiceIdBinder/FactoryToChoiceIdBinder6.cs using Guid(b60ae0cff4748ec43b6cb040b0f3a728) Importer(2089858483,0ecaa5967403d082aa24f35e1b516d23) [PhysX] Initialized MultithreadedTaskDispatcher with 20 workers.
 -> (artifact id: '47150cd41b19f7b78347c9c57a65192f') in 0.021407 seconds
Number of updated asset objects reloaded before import = 0
Number of asset objects unloaded after import = 1
========================================================================
Received Import Request.
  Time since last request: 0.000042 seconds.
  path: Assets/Plugins/Zenject/Source/Binding/Binders/Factory/FactoryFromBinder/SubContainerBinder/FactorySubContainerBinder2.cs
  artifactKey: Guid(5f32bdc495dbe204caab18bace045515) Importer(2089858483,0ecaa5967403d082aa24f35e1b516d23)
Start importing Assets/Plugins/Zenject/Source/Binding/Binders/Factory/FactoryFromBinder/SubContainerBinder/FactorySubContainerBinder2.cs using Guid(5f32bdc495dbe204caab18bace045515) Importer(2089858483,0ecaa5967403d082aa24f35e1b516d23) [PhysX] Initialized MultithreadedTaskDispatcher with 20 workers.
 -> (artifact id: 'd33f3b3b1b429450889ddd920842447a') in 0.020045 seconds
Number of updated asset objects reloaded before import = 0
Number of asset objects unloaded after import = 1
========================================================================
Received Import Request.
  Time since last request: 0.000073 seconds.
  path: Assets/Plugins/Zenject/Source/Binding/Binders/Factory/FactoryToChoiceIdBinder/FactoryToChoiceIdBinder2.cs
  artifactKey: Guid(c109e2a5fd72a004e83beae958fa888a) Importer(2089858483,0ecaa5967403d082aa24f35e1b516d23)
Start importing Assets/Plugins/Zenject/Source/Binding/Binders/Factory/FactoryToChoiceIdBinder/FactoryToChoiceIdBinder2.cs using Guid(c109e2a5fd72a004e83beae958fa888a) Importer(2089858483,0ecaa5967403d082aa24f35e1b516d23) [PhysX] Initialized MultithreadedTaskDispatcher with 20 workers.
 -> (artifact id: '6ad7830fa234c624af35ba4be25c90cb') in 0.021515 seconds
Number of updated asset objects reloaded before import = 0
Number of asset objects unloaded after import = 1
========================================================================
Received Import Request.
  Time since last request: 0.000024 seconds.
  path: Assets/Plugins/Zenject/Source/Binding/Binders/Factory/FactoryToChoiceIdBinder/FactoryToChoiceIdBinder3.cs
  artifactKey: Guid(be02341a689ce654ab7160ce4eb5ed0e) Importer(2089858483,0ecaa5967403d082aa24f35e1b516d23)
Start importing Assets/Plugins/Zenject/Source/Binding/Binders/Factory/FactoryToChoiceIdBinder/FactoryToChoiceIdBinder3.cs using Guid(be02341a689ce654ab7160ce4eb5ed0e) Importer(2089858483,0ecaa5967403d082aa24f35e1b516d23) [PhysX] Initialized MultithreadedTaskDispatcher with 20 workers.
 -> (artifact id: '85765c2f6e699533a72ca1620b4169aa') in 0.023206 seconds
Number of updated asset objects reloaded before import = 0
Number of asset objects unloaded after import = 1
