Using pre-set license
Built from '2022.3/staging' branch; Version is '2022.3.38f1 (c5d5a7410213) revision 12965287'; Using compiler version '192829333'; Build Type 'Release'
OS: 'Windows 11  (10.0.26100) 64bit CoreSingleLanguage' Language: 'ru' Physical Memory: 16087 MB
BatchMode: 1, IsHumanControllingUs: 0, StartBugReporterOnCrash: 0, Is64bit: 1, IsPro: 1

COMMAND LINE ARGUMENTS:
C:\Program Files\Unity\Hub\Editor\2022.3.38f1\Editor\Unity.exe
-adb2
-batchMode
-noUpm
-name
AssetImportWorker0
-projectPath
C:/Users/Masha/OneDrive/Р Р°Р±РѕС‡РёР№ СЃС‚РѕР»/BelinskayaM_GUN37/My project
-logFile
Logs/AssetImportWorker0.log
-srvPort
59644
Successfully changed project path to: C:/Users/Masha/OneDrive/Р Р°Р±РѕС‡РёР№ СЃС‚РѕР»/BelinskayaM_GUN37/My project
C:/Users/Masha/OneDrive/Р Р°Р±РѕС‡РёР№ СЃС‚РѕР»/BelinskayaM_GUN37/My project
[UnityMemory] Configuration Parameters - Can be set up in boot.config
    "memorysetup-bucket-allocator-granularity=16"
    "memorysetup-bucket-allocator-bucket-count=8"
    "memorysetup-bucket-allocator-block-size=33554432"
    "memorysetup-bucket-allocator-block-count=8"
    "memorysetup-main-allocator-block-size=16777216"
    "memorysetup-thread-allocator-block-size=16777216"
    "memorysetup-gfx-main-allocator-block-size=16777216"
    "memorysetup-gfx-thread-allocator-block-size=16777216"
    "memorysetup-cache-allocator-block-size=4194304"
    "memorysetup-typetree-allocator-block-size=2097152"
    "memorysetup-profiler-bucket-allocator-granularity=16"
    "memorysetup-profiler-bucket-allocator-bucket-count=8"
    "memorysetup-profiler-bucket-allocator-block-size=33554432"
    "memorysetup-profiler-bucket-allocator-block-count=8"
    "memorysetup-profiler-allocator-block-size=16777216"
    "memorysetup-profiler-editor-allocator-block-size=1048576"
    "memorysetup-temp-allocator-size-main=16777216"
    "memorysetup-job-temp-allocator-block-size=2097152"
    "memorysetup-job-temp-allocator-block-size-background=1048576"
    "memorysetup-job-temp-allocator-reduction-small-platforms=262144"
    "memorysetup-allocator-temp-initial-block-size-main=262144"
    "memorysetup-allocator-temp-initial-block-size-worker=262144"
    "memorysetup-temp-allocator-size-background-worker=32768"
    "memorysetup-temp-allocator-size-job-worker=262144"
    "memorysetup-temp-allocator-size-preload-manager=33554432"
    "memorysetup-temp-allocator-size-nav-mesh-worker=65536"
    "memorysetup-temp-allocator-size-audio-worker=65536"
    "memorysetup-temp-allocator-size-cloud-worker=32768"
    "memorysetup-temp-allocator-size-gi-baking-worker=262144"
    "memorysetup-temp-allocator-size-gfx=262144"
Player connection [12176]  Target information:

Player connection [12176]  * "[IP] 192.168.0.161 [Port] 0 [Flags] 2 [Guid] 4205827105 [EditorId] 4205827105 [Version] 1048832 [Id] WindowsEditor(7,Velvet) [Debug] 1 [PackageName] WindowsEditor [ProjectName] Editor" 

Player connection [12176] Host joined multi-casting on [225.0.0.222:54997]...
Player connection [12176] Host joined alternative multi-casting on [225.0.0.222:34997]...
[PhysX] Initialized MultithreadedTaskDispatcher with 20 workers.
Refreshing native plugins compatible for Editor in 4371.10 ms, found 3 plugins.
Preloading 0 native plugins for Editor in 0.00 ms.
Initialize engine version: 2022.3.38f1 (c5d5a7410213)
[Subsystems] Discovering subsystems at path C:/Program Files/Unity/Hub/Editor/2022.3.38f1/Editor/Data/Resources/UnitySubsystems
[Subsystems] Discovering subsystems at path C:/Users/Masha/OneDrive/Р Р°Р±РѕС‡РёР№ СЃС‚РѕР»/BelinskayaM_GUN37/My project/Assets
GfxDevice: creating device client; threaded=0; jobified=0
Direct3D:
    Version:  Direct3D 11.0 [level 11.1]
    Renderer: NVIDIA GeForce RTX 3070 Ti Laptop GPU (ID=0x24a0)
    Vendor:   NVIDIA
    VRAM:     8018 MB
    Driver:   32.0.15.6636
Initialize mono
Mono path[0] = 'C:/Program Files/Unity/Hub/Editor/2022.3.38f1/Editor/Data/Managed'
Mono path[1] = 'C:/Program Files/Unity/Hub/Editor/2022.3.38f1/Editor/Data/MonoBleedingEdge/lib/mono/unityjit-win32'
Mono config path = 'C:/Program Files/Unity/Hub/Editor/2022.3.38f1/Editor/Data/MonoBleedingEdge/etc'
Using monoOptions --debugger-agent=transport=dt_socket,embedding=1,server=y,suspend=n,address=127.0.0.1:56504
Begin MonoManager ReloadAssembly
Registering precompiled unity dll's ...
Register platform support module: C:/Program Files/Unity/Hub/Editor/2022.3.38f1/Editor/Data/PlaybackEngines/WindowsStandaloneSupport/UnityEditor.WindowsStandalone.Extensions.dll
Registered in 0.397213 seconds.
- Loaded All Assemblies, in 15.727 seconds
Native extension for WindowsStandalone target not found
Mono: successfully reloaded assembly
- Finished resetting the current domain, in  0.210 seconds
Domain Reload Profiling: 15936ms
	BeginReloadAssembly (11856ms)
		ExecutionOrderSort (0ms)
		DisableScriptedObjects (0ms)
		BackupInstance (0ms)
		ReleaseScriptingObjects (0ms)
		CreateAndSetChildDomain (1ms)
	RebuildCommonClasses (1038ms)
	RebuildNativeTypeToScriptingClass (8ms)
	initialDomainReloadingComplete (446ms)
	LoadAllAssembliesAndSetupDomain (2378ms)
		LoadAssemblies (11855ms)
		RebuildTransferFunctionScriptingTraits (0ms)
		AnalyzeDomain (2376ms)
			TypeCache.Refresh (2374ms)
				TypeCache.ScanAssembly (1721ms)
			ScanForSourceGeneratedMonoScriptInfo (0ms)
			ResolveRequiredComponents (0ms)
	FinalizeReload (210ms)
		ReleaseScriptCaches (0ms)
		RebuildScriptCaches (0ms)
		SetupLoadedEditorAssemblies (167ms)
			LogAssemblyErrors (0ms)
			InitializePlatformSupportModulesInManaged (8ms)
			SetLoadedEditorAssemblies (6ms)
			RefreshPlugins (0ms)
			BeforeProcessingInitializeOnLoad (2ms)
			ProcessInitializeOnLoadAttributes (112ms)
			ProcessInitializeOnLoadMethodAttributes (39ms)
			AfterProcessingInitializeOnLoad (0ms)
			EditorAssembliesLoaded (0ms)
		ExecutionOrderSort2 (0ms)
		AwakeInstancesAfterBackupRestoration (0ms)
========================================================================
Worker process is ready to serve import requests
Begin MonoManager ReloadAssembly
- Loaded All Assemblies, in 14.318 seconds
Refreshing native plugins compatible for Editor in 2.51 ms, found 3 plugins.
Native extension for WindowsStandalone target not found
Mono: successfully reloaded assembly
- Finished resetting the current domain, in  0.599 seconds
Domain Reload Profiling: 14916ms
	BeginReloadAssembly (115ms)
		ExecutionOrderSort (0ms)
		DisableScriptedObjects (4ms)
		BackupInstance (0ms)
		ReleaseScriptingObjects (0ms)
		CreateAndSetChildDomain (18ms)
	RebuildCommonClasses (28ms)
	RebuildNativeTypeToScriptingClass (8ms)
	initialDomainReloadingComplete (36ms)
	LoadAllAssembliesAndSetupDomain (14130ms)
		LoadAssemblies (13192ms)
		RebuildTransferFunctionScriptingTraits (0ms)
		AnalyzeDomain (1003ms)
			TypeCache.Refresh (980ms)
				TypeCache.ScanAssembly (818ms)
			ScanForSourceGeneratedMonoScriptInfo (16ms)
			ResolveRequiredComponents (5ms)
	FinalizeReload (600ms)
		ReleaseScriptCaches (0ms)
		RebuildScriptCaches (0ms)
		SetupLoadedEditorAssemblies (471ms)
			LogAssemblyErrors (0ms)
			InitializePlatformSupportModulesInManaged (4ms)
			SetLoadedEditorAssemblies (4ms)
			RefreshPlugins (0ms)
			BeforeProcessingInitializeOnLoad (60ms)
			ProcessInitializeOnLoadAttributes (382ms)
			ProcessInitializeOnLoadMethodAttributes (16ms)
			AfterProcessingInitializeOnLoad (5ms)
			EditorAssembliesLoaded (0ms)
		ExecutionOrderSort2 (0ms)
		AwakeInstancesAfterBackupRestoration (5ms)
Launched and connected shader compiler UnityShaderCompiler.exe after 0.11 seconds
Refreshing native plugins compatible for Editor in 2.69 ms, found 3 plugins.
Preloading 0 native plugins for Editor in 0.00 ms.
Unloading 3978 Unused Serialized files (Serialized files now loaded: 0)
Unloading 56 unused Assets / (132.1 KB). Loaded Objects now: 4439.
Memory consumption went from 145.2 MB to 145.1 MB.
Total: 3.223100 ms (FindLiveObjects: 0.196700 ms CreateObjectMapping: 0.260500 ms MarkObjects: 2.645200 ms  DeleteObjects: 0.120000 ms)

AssetImportParameters requested are different than current active one (requested -> active):
  custom:container-demuxer-ogg: 62fdf1f143b41e24485cea50d1cbac27 -> 
  custom:video-codec-MediaFoundation-h265: 746d11721c4dcdbdad8f713fa42b33f4 -> 
  custom:video-decoder-ogg-theora: a1e56fd34408186e4bbccfd4996cb3dc -> 
  custom:framework-win-MediaFoundation: 216162199b28c13a410421893ffa2e32 -> 
  custom:CustomObjectIndexerAttribute: 9a22284fe3817be447336de3de66b15e -> 
  custom:container-demuxer-webm: 4f35f7cbe854078d1ac9338744f61a02 -> 
  custom:container-muxer-webm: aa71ff27fc2769a1b78a27578f13a17b -> 
  custom:video-decoder-webm-vp8: 9c59270c3fd7afecdb556c50c9e8de78 -> 
  custom:SearchIndexIgnoredProperties: e643bd26f0fe6173181afceb89e7c659 -> 
  custom:AudioImporter_EditorPlatform: d09bf68614088b80899f8185d706f6e7 -> 
  custom:video-encoder-webm-vp8: eb34c28f22e8b96e1ab97ce403110664 -> 
  custom:audio-decoder-ogg-vorbis: bf7c407c2cedff20999df2af8eb42d56 -> 
  custom:audio-encoder-webm-vorbis: bf7c407c2cedff20999df2af8eb42d56 -> 
========================================================================
Received Import Request.
  Time since last request: 31517.297124 seconds.
  path: Assets/Scenes/MainScene.unity
  artifactKey: Guid(e09b8810e69cda24084a52eb08c1ffc7) Importer(815301076,1909f56bfc062723c751e8b465ee728b)
Start importing Assets/Scenes/MainScene.unity using Guid(e09b8810e69cda24084a52eb08c1ffc7) Importer(815301076,1909f56bfc062723c751e8b465ee728b) [PhysX] Initialized MultithreadedTaskDispatcher with 20 workers.
 -> (artifact id: '2440a24e8c3ed4b995e56252252682fd') in 0.004761 seconds
Number of updated asset objects reloaded before import = 0
Number of asset objects unloaded after import = 0
========================================================================
Received Import Request.
  Time since last request: 813.154019 seconds.
  path: Assets/LightingSettings.lighting
  artifactKey: Guid(4d89f915e8f3f8f4e9c5b19b3d79471d) Importer(2089858483,0ecaa5967403d082aa24f35e1b516d23)
Start importing Assets/LightingSettings.lighting using Guid(4d89f915e8f3f8f4e9c5b19b3d79471d) Importer(2089858483,0ecaa5967403d082aa24f35e1b516d23) [PhysX] Initialized MultithreadedTaskDispatcher with 20 workers.
 -> (artifact id: 'df7ab6fbfb9b046c57eb768a4b19ed0b') in 0.214531 seconds
Number of updated asset objects reloaded before import = 0
Number of asset objects unloaded after import = 1
========================================================================
Received Import Request.
  Time since last request: 0.000036 seconds.
  path: Assets/Scripts/Editor/CustomEditorCommands.cs
  artifactKey: Guid(22a37f8fed714014b8f5ff7c0ab72ef4) Importer(2089858483,0ecaa5967403d082aa24f35e1b516d23)
Start importing Assets/Scripts/Editor/CustomEditorCommands.cs using Guid(22a37f8fed714014b8f5ff7c0ab72ef4) Importer(2089858483,0ecaa5967403d082aa24f35e1b516d23) [PhysX] Initialized MultithreadedTaskDispatcher with 20 workers.
 -> (artifact id: '3824ce78b9ec4faca1f5c757bbbcd6be') in 0.032006 seconds
Number of updated asset objects reloaded before import = 0
Number of asset objects unloaded after import = 1
========================================================================
Received Import Request.
  Time since last request: 0.000036 seconds.
  path: Assets/TextMesh Pro/Resources/LineBreaking Leading Characters.txt
  artifactKey: Guid(d82c1b31c7e74239bff1220585707d2b) Importer(2089858483,0ecaa5967403d082aa24f35e1b516d23)
Start importing Assets/TextMesh Pro/Resources/LineBreaking Leading Characters.txt using Guid(d82c1b31c7e74239bff1220585707d2b) Importer(2089858483,0ecaa5967403d082aa24f35e1b516d23) [PhysX] Initialized MultithreadedTaskDispatcher with 20 workers.
 -> (artifact id: '656898d6117c59b76c478680343b0df1') in 0.032095 seconds
Number of updated asset objects reloaded before import = 0
Number of asset objects unloaded after import = 1
========================================================================
Received Import Request.
  Time since last request: 0.000025 seconds.
  path: Assets/TextMesh Pro/Shaders/TMPro.cginc
  artifactKey: Guid(407bc68d299748449bbf7f48ee690f8d) Importer(2089858483,0ecaa5967403d082aa24f35e1b516d23)
Start importing Assets/TextMesh Pro/Shaders/TMPro.cginc using Guid(407bc68d299748449bbf7f48ee690f8d) Importer(2089858483,0ecaa5967403d082aa24f35e1b516d23) [PhysX] Initialized MultithreadedTaskDispatcher with 20 workers.
 -> (artifact id: '2ceb742521124f94984b35b59970c9b6') in 0.032040 seconds
Number of updated asset objects reloaded before import = 0
Number of asset objects unloaded after import = 1
========================================================================
Received Import Request.
  Time since last request: 0.000023 seconds.
  path: Assets/TextMesh Pro/Shaders/TMP_SDF-Mobile Overlay.shader
  artifactKey: Guid(a02a7d8c237544f1962732b55a9aebf1) Importer(2089858483,0ecaa5967403d082aa24f35e1b516d23)
Start importing Assets/TextMesh Pro/Shaders/TMP_SDF-Mobile Overlay.shader using Guid(a02a7d8c237544f1962732b55a9aebf1) Importer(2089858483,0ecaa5967403d082aa24f35e1b516d23) [PhysX] Initialized MultithreadedTaskDispatcher with 20 workers.
 -> (artifact id: 'bfd435c3725c0afeeb7ce04daa0d2c32') in 0.031693 seconds
Number of updated asset objects reloaded before import = 0
Number of asset objects unloaded after import = 1
========================================================================
Received Import Request.
  Time since last request: 0.000097 seconds.
  path: Assets/Scenes/TemplateScene.unity
  artifactKey: Guid(e337bf6a28acd9a44b74af1c7dc4d531) Importer(2089858483,0ecaa5967403d082aa24f35e1b516d23)
Start importing Assets/Scenes/TemplateScene.unity using Guid(e337bf6a28acd9a44b74af1c7dc4d531) Importer(2089858483,0ecaa5967403d082aa24f35e1b516d23) [PhysX] Initialized MultithreadedTaskDispatcher with 20 workers.
 -> (artifact id: '7ab9843657536f50372f4ef82de3c9d7') in 0.017964 seconds
Number of updated asset objects reloaded before import = 0
Number of asset objects unloaded after import = 1
========================================================================
Received Import Request.
  Time since last request: 0.000048 seconds.
  path: Assets/Effects/Explosion/SmallExplosion.prefab
  artifactKey: Guid(318d92bfb9c51a24489f25da35f234a0) Importer(2089858483,0ecaa5967403d082aa24f35e1b516d23)
Start importing Assets/Effects/Explosion/SmallExplosion.prefab using Guid(318d92bfb9c51a24489f25da35f234a0) Importer(2089858483,0ecaa5967403d082aa24f35e1b516d23) [PhysX] Initialized MultithreadedTaskDispatcher with 20 workers.
 -> (artifact id: 'f8dd843a4c3bc032ef621d77e0ec8885') in 0.190358 seconds
Number of updated asset objects reloaded before import = 0
Number of asset objects unloaded after import = 18
========================================================================
Received Import Request.
  Time since last request: 0.000038 seconds.
  path: Assets/TextMesh Pro/Sprites/EmojiOne.json
  artifactKey: Guid(8f05276190cf498a8153f6cbe761d4e6) Importer(2089858483,0ecaa5967403d082aa24f35e1b516d23)
Start importing Assets/TextMesh Pro/Sprites/EmojiOne.json using Guid(8f05276190cf498a8153f6cbe761d4e6) Importer(2089858483,0ecaa5967403d082aa24f35e1b516d23) [PhysX] Initialized MultithreadedTaskDispatcher with 20 workers.
 -> (artifact id: '60a1a3dbb510abda58083171d5e75d5f') in 0.037285 seconds
Number of updated asset objects reloaded before import = 0
Number of asset objects unloaded after import = 1
========================================================================
Received Import Request.
  Time since last request: 0.000048 seconds.
  path: Assets/Effects/Explosion/Materials/Embers.mat
  artifactKey: Guid(776677ab3818fb249adaca05f4e04545) Importer(2089858483,0ecaa5967403d082aa24f35e1b516d23)
Start importing Assets/Effects/Explosion/Materials/Embers.mat using Guid(776677ab3818fb249adaca05f4e04545) Importer(2089858483,0ecaa5967403d082aa24f35e1b516d23) [PhysX] Initialized MultithreadedTaskDispatcher with 20 workers.
 -> (artifact id: 'e5efc8d86c9c2bcc0860e8c153ddaa21') in 0.098050 seconds
Number of updated asset objects reloaded before import = 0
Number of asset objects unloaded after import = 1
========================================================================
Received Import Request.
  Time since last request: 0.000027 seconds.
  path: Assets/Audio/vystrel-tanka-1.mp3
  artifactKey: Guid(95502f053e4521d4e9eaf3c777aa8799) Importer(2089858483,0ecaa5967403d082aa24f35e1b516d23)
Start importing Assets/Audio/vystrel-tanka-1.mp3 using Guid(95502f053e4521d4e9eaf3c777aa8799) Importer(2089858483,0ecaa5967403d082aa24f35e1b516d23) [PhysX] Initialized MultithreadedTaskDispatcher with 20 workers.
 -> (artifact id: 'ba504f1b4105fec6f8b67d06d48e092a') in 0.127294 seconds
Number of updated asset objects reloaded before import = 0
Number of asset objects unloaded after import = 1
========================================================================
Received Import Request.
  Time since last request: 0.000031 seconds.
  path: Assets/Sprites/up.png
  artifactKey: Guid(8a17f6ee71d7cd84893f3bf08e22e95a) Importer(2089858483,0ecaa5967403d082aa24f35e1b516d23)
Start importing Assets/Sprites/up.png using Guid(8a17f6ee71d7cd84893f3bf08e22e95a) Importer(2089858483,0ecaa5967403d082aa24f35e1b516d23) [PhysX] Initialized MultithreadedTaskDispatcher with 20 workers.
 -> (artifact id: '24b1e5f91db26ed6f3087b1a7816a457') in 0.108095 seconds
Number of updated asset objects reloaded before import = 0
Number of asset objects unloaded after import = 3
========================================================================
Received Import Request.
  Time since last request: 0.000036 seconds.
  path: Assets/TextMesh Pro/Shaders/TMP_Bitmap-Custom-Atlas.shader
  artifactKey: Guid(48bb5f55d8670e349b6e614913f9d910) Importer(2089858483,0ecaa5967403d082aa24f35e1b516d23)
Start importing Assets/TextMesh Pro/Shaders/TMP_Bitmap-Custom-Atlas.shader using Guid(48bb5f55d8670e349b6e614913f9d910) Importer(2089858483,0ecaa5967403d082aa24f35e1b516d23) [PhysX] Initialized MultithreadedTaskDispatcher with 20 workers.
 -> (artifact id: '16191410108c8d3dcdd13ee489c62eb0') in 0.019443 seconds
Number of updated asset objects reloaded before import = 0
Number of asset objects unloaded after import = 1
========================================================================
Received Import Request.
  Time since last request: 0.000027 seconds.
  path: Assets/Sprites/circlefillRy86px512px.png
  artifactKey: Guid(afb2ac212290a184db5260fceddcdc03) Importer(2089858483,0ecaa5967403d082aa24f35e1b516d23)
Start importing Assets/Sprites/circlefillRy86px512px.png using Guid(afb2ac212290a184db5260fceddcdc03) Importer(2089858483,0ecaa5967403d082aa24f35e1b516d23) [PhysX] Initialized MultithreadedTaskDispatcher with 20 workers.
 -> (artifact id: '819780b9ea502bddb9d145d51079e4af') in 0.054479 seconds
Number of updated asset objects reloaded before import = 0
Number of asset objects unloaded after import = 3
========================================================================
Received Import Request.
  Time since last request: 0.000029 seconds.
  path: Assets/Scripts/Commons/ReadOnlyAttribute.cs
  artifactKey: Guid(1f90314ac1a8468b8c2608fd134f8357) Importer(2089858483,0ecaa5967403d082aa24f35e1b516d23)
Start importing Assets/Scripts/Commons/ReadOnlyAttribute.cs using Guid(1f90314ac1a8468b8c2608fd134f8357) Importer(2089858483,0ecaa5967403d082aa24f35e1b516d23) [PhysX] Initialized MultithreadedTaskDispatcher with 20 workers.
 -> (artifact id: 'ffe24298debd9fb007e242abf02fafc5') in 0.019425 seconds
Number of updated asset objects reloaded before import = 0
Number of asset objects unloaded after import = 1
========================================================================
Received Import Request.
  Time since last request: 0.000025 seconds.
  path: Assets/Models/Drone/drone.fbx
  artifactKey: Guid(77ec979c4a1053f4fb90fee3d17b240c) Importer(2089858483,0ecaa5967403d082aa24f35e1b516d23)
Start importing Assets/Models/Drone/drone.fbx using Guid(77ec979c4a1053f4fb90fee3d17b240c) Importer(2089858483,0ecaa5967403d082aa24f35e1b516d23) [PhysX] Initialized MultithreadedTaskDispatcher with 20 workers.
 -> (artifact id: '70e02365220216014bb60cf18cb172fd') in 0.123469 seconds
Number of updated asset objects reloaded before import = 0
Number of asset objects unloaded after import = 51
========================================================================
Received Import Request.
  Time since last request: 0.000037 seconds.
  path: Assets/Effects/Misc Effects/Materials/FireFlyTrail.mat
  artifactKey: Guid(1d11412570f90ba4caf1b0b6dea27152) Importer(2089858483,0ecaa5967403d082aa24f35e1b516d23)
Start importing Assets/Effects/Misc Effects/Materials/FireFlyTrail.mat using Guid(1d11412570f90ba4caf1b0b6dea27152) Importer(2089858483,0ecaa5967403d082aa24f35e1b516d23) [PhysX] Initialized MultithreadedTaskDispatcher with 20 workers.
 -> (artifact id: '0dc812903fa951a94030832258a318f0') in 0.038416 seconds
Number of updated asset objects reloaded before import = 0
Number of asset objects unloaded after import = 2
========================================================================
Received Import Request.
  Time since last request: 0.000039 seconds.
  path: Assets/Models/Tank/Materials/CTF_Mat_AdElements_Yel.mat
  artifactKey: Guid(b7275cbf36c85ea429b0ea4cefeaa312) Importer(2089858483,0ecaa5967403d082aa24f35e1b516d23)
Start importing Assets/Models/Tank/Materials/CTF_Mat_AdElements_Yel.mat using Guid(b7275cbf36c85ea429b0ea4cefeaa312) Importer(2089858483,0ecaa5967403d082aa24f35e1b516d23) [PhysX] Initialized MultithreadedTaskDispatcher with 20 workers.
 -> (artifact id: '2b48236118531e9a60f68f3c31afb5d9') in 0.066566 seconds
Number of updated asset objects reloaded before import = 0
Number of asset objects unloaded after import = 4
========================================================================
Received Import Request.
  Time since last request: 0.000024 seconds.
  path: Assets/Scenes/MainScene.unity
  artifactKey: Guid(e09b8810e69cda24084a52eb08c1ffc7) Importer(2089858483,0ecaa5967403d082aa24f35e1b516d23)
Start importing Assets/Scenes/MainScene.unity using Guid(e09b8810e69cda24084a52eb08c1ffc7) Importer(2089858483,0ecaa5967403d082aa24f35e1b516d23) [PhysX] Initialized MultithreadedTaskDispatcher with 20 workers.
 -> (artifact id: '80f5e08b9d6d5585dcba58a310ead5ef') in 0.018354 seconds
Number of updated asset objects reloaded before import = 0
Number of asset objects unloaded after import = 1
========================================================================
Received Import Request.
  Time since last request: 0.000071 seconds.
  path: Assets/Scripts/Tank/TurretController.cs
  artifactKey: Guid(19049311426e26a40bf82f4495216e95) Importer(2089858483,0ecaa5967403d082aa24f35e1b516d23)
Start importing Assets/Scripts/Tank/TurretController.cs using Guid(19049311426e26a40bf82f4495216e95) Importer(2089858483,0ecaa5967403d082aa24f35e1b516d23) [PhysX] Initialized MultithreadedTaskDispatcher with 20 workers.
 -> (artifact id: 'c422b775cfa965e9d746d1d730ad0704') in 0.020120 seconds
Number of updated asset objects reloaded before import = 0
Number of asset objects unloaded after import = 1
========================================================================
Received Import Request.
  Time since last request: 0.000113 seconds.
  path: Assets/Scripts/Tank/Wheel.cs
  artifactKey: Guid(e2da2cdefd6a4269ad707af72143d957) Importer(2089858483,0ecaa5967403d082aa24f35e1b516d23)
Start importing Assets/Scripts/Tank/Wheel.cs using Guid(e2da2cdefd6a4269ad707af72143d957) Importer(2089858483,0ecaa5967403d082aa24f35e1b516d23) [PhysX] Initialized MultithreadedTaskDispatcher with 20 workers.
 -> (artifact id: '6e34012a4308bf1a8481aa15f57afe9e') in 0.020899 seconds
Number of updated asset objects reloaded before import = 0
Number of asset objects unloaded after import = 1
========================================================================
Received Import Request.
  Time since last request: 0.000029 seconds.
  path: Assets/Scripts/Patrol.cs
  artifactKey: Guid(a926e8e6c91a4cb59ef1a51c66cd7e59) Importer(2089858483,0ecaa5967403d082aa24f35e1b516d23)
Start importing Assets/Scripts/Patrol.cs using Guid(a926e8e6c91a4cb59ef1a51c66cd7e59) Importer(2089858483,0ecaa5967403d082aa24f35e1b516d23) [PhysX] Initialized MultithreadedTaskDispatcher with 20 workers.
 -> (artifact id: '850927146bd9f9f79b9526b069a46aa4') in 0.020139 seconds
Number of updated asset objects reloaded before import = 0
Number of asset objects unloaded after import = 1
========================================================================
Received Import Request.
  Time since last request: 0.000109 seconds.
  path: Assets/Scripts/Tank/PlayerInputController.cs
  artifactKey: Guid(6213543e868e4a008eaa9de7f85ad61e) Importer(2089858483,0ecaa5967403d082aa24f35e1b516d23)
Start importing Assets/Scripts/Tank/PlayerInputController.cs using Guid(6213543e868e4a008eaa9de7f85ad61e) Importer(2089858483,0ecaa5967403d082aa24f35e1b516d23) [PhysX] Initialized MultithreadedTaskDispatcher with 20 workers.
 -> (artifact id: 'c3648407c95fca918cf224bb91317d10') in 0.022360 seconds
Number of updated asset objects reloaded before import = 0
Number of asset objects unloaded after import = 1
========================================================================
Received Import Request.
  Time since last request: 0.000044 seconds.
  path: Assets/Scripts/Editor/UnityConstantsTemplate.txt
  artifactKey: Guid(add3e9fa4c1c4088b9878743986b71e0) Importer(2089858483,0ecaa5967403d082aa24f35e1b516d23)
Start importing Assets/Scripts/Editor/UnityConstantsTemplate.txt using Guid(add3e9fa4c1c4088b9878743986b71e0) Importer(2089858483,0ecaa5967403d082aa24f35e1b516d23) [PhysX] Initialized MultithreadedTaskDispatcher with 20 workers.
 -> (artifact id: '4db5cf1aedf52adbf6982313de41e91a') in 0.033489 seconds
Number of updated asset objects reloaded before import = 0
Number of asset objects unloaded after import = 1
========================================================================
Received Import Request.
  Time since last request: 0.000029 seconds.
  path: Assets/Prefabs/Installer.prefab
  artifactKey: Guid(4f497ba3fcaf2cb419c3489bf8b3ff1e) Importer(2089858483,0ecaa5967403d082aa24f35e1b516d23)
Start importing Assets/Prefabs/Installer.prefab using Guid(4f497ba3fcaf2cb419c3489bf8b3ff1e) Importer(2089858483,0ecaa5967403d082aa24f35e1b516d23) [PhysX] Initialized MultithreadedTaskDispatcher with 20 workers.
 -> (artifact id: 'bc71d46f460e36e77251c453fec09072') in 0.063641 seconds
Number of updated asset objects reloaded before import = 0
Number of asset objects unloaded after import = 25
========================================================================
Received Import Request.
  Time since last request: 0.000032 seconds.
  path: Assets/Effects/Explosion/RocketTrail.prefab
  artifactKey: Guid(06bc48e02b9d10b4d9bded7c476e89d7) Importer(2089858483,0ecaa5967403d082aa24f35e1b516d23)
Start importing Assets/Effects/Explosion/RocketTrail.prefab using Guid(06bc48e02b9d10b4d9bded7c476e89d7) Importer(2089858483,0ecaa5967403d082aa24f35e1b516d23) [PhysX] Initialized MultithreadedTaskDispatcher with 20 workers.
 -> (artifact id: '816a816a2fea3189d8281325c3bf7c41') in 0.066656 seconds
Number of updated asset objects reloaded before import = 0
Number of asset objects unloaded after import = 26
========================================================================
Received Import Request.
  Time since last request: 0.000022 seconds.
  path: Assets/Models/Tank/Materials/CTF_Mat_TankFree_Yel.mat
  artifactKey: Guid(546738ce5c5f3484bb590ed3d3f696ee) Importer(2089858483,0ecaa5967403d082aa24f35e1b516d23)
Start importing Assets/Models/Tank/Materials/CTF_Mat_TankFree_Yel.mat using Guid(546738ce5c5f3484bb590ed3d3f696ee) Importer(2089858483,0ecaa5967403d082aa24f35e1b516d23) [PhysX] Initialized MultithreadedTaskDispatcher with 20 workers.
 -> (artifact id: 'f96c8fcf1cbe1579c6f21c5edfca9808') in 0.091636 seconds
Number of updated asset objects reloaded before import = 0
Number of asset objects unloaded after import = 5
========================================================================
Received Import Request.
  Time since last request: 0.000028 seconds.
  path: Assets/Models/Tank/Materials/ParticleSmokeWhite.mat
  artifactKey: Guid(c617e7cbee0d2344a9b5e53116c43a2c) Importer(2089858483,0ecaa5967403d082aa24f35e1b516d23)
Start importing Assets/Models/Tank/Materials/ParticleSmokeWhite.mat using Guid(c617e7cbee0d2344a9b5e53116c43a2c) Importer(2089858483,0ecaa5967403d082aa24f35e1b516d23) [PhysX] Initialized MultithreadedTaskDispatcher with 20 workers.
 -> (artifact id: '5cf7b93f6bbf8d8f516e608eee3623c2') in 0.053513 seconds
Number of updated asset objects reloaded before import = 0
Number of asset objects unloaded after import = 2
========================================================================
Received Import Request.
  Time since last request: 0.000025 seconds.
  path: Assets/Models/Track/Materials/NavyDarkGrid.mat
  artifactKey: Guid(01c04496878436140922b19f5220712b) Importer(2089858483,0ecaa5967403d082aa24f35e1b516d23)
Start importing Assets/Models/Track/Materials/NavyDarkGrid.mat using Guid(01c04496878436140922b19f5220712b) Importer(2089858483,0ecaa5967403d082aa24f35e1b516d23) [PhysX] Initialized MultithreadedTaskDispatcher with 20 workers.
 -> (artifact id: 'c890be7e4fc445d6dcee8ccb2ecea978') in 0.027689 seconds
Number of updated asset objects reloaded before import = 0
Number of asset objects unloaded after import = 3
========================================================================
Received Import Request.
  Time since last request: 0.000038 seconds.
  path: Assets/Scripts/Legacy/Editor/TransmissionDataView.uxml
  artifactKey: Guid(a16e8d666d21dcf4aaeae2f7455953f8) Importer(2089858483,0ecaa5967403d082aa24f35e1b516d23)
Start importing Assets/Scripts/Legacy/Editor/TransmissionDataView.uxml using Guid(a16e8d666d21dcf4aaeae2f7455953f8) Importer(2089858483,0ecaa5967403d082aa24f35e1b516d23) [PhysX] Initialized MultithreadedTaskDispatcher with 20 workers.
 -> (artifact id: 'd89e94b1debc67aeebd83beecb637a5f') in 0.064878 seconds
Number of updated asset objects reloaded before import = 0
Number of asset objects unloaded after import = 4
========================================================================
Received Import Request.
  Time since last request: 0.000021 seconds.
  path: Assets/Sprites/progressBar4.png
  artifactKey: Guid(466d33f7eb07e9640986ec48a54a4baa) Importer(2089858483,0ecaa5967403d082aa24f35e1b516d23)
Start importing Assets/Sprites/progressBar4.png using Guid(466d33f7eb07e9640986ec48a54a4baa) Importer(2089858483,0ecaa5967403d082aa24f35e1b516d23) [PhysX] Initialized MultithreadedTaskDispatcher with 20 workers.
 -> (artifact id: 'f9cb9c130ec9698fbb0d0c98e70f9597') in 0.047252 seconds
Number of updated asset objects reloaded before import = 0
Number of asset objects unloaded after import = 3
========================================================================
Received Import Request.
  Time since last request: 0.000020 seconds.
  path: Assets/Animations/Indicator/IndicatorFifth_Anim.anim
  artifactKey: Guid(d45af3d7acfaedc41aa7d6c0607e6e9c) Importer(2089858483,0ecaa5967403d082aa24f35e1b516d23)
Start importing Assets/Animations/Indicator/IndicatorFifth_Anim.anim using Guid(d45af3d7acfaedc41aa7d6c0607e6e9c) Importer(2089858483,0ecaa5967403d082aa24f35e1b516d23) [PhysX] Initialized MultithreadedTaskDispatcher with 20 workers.
 -> (artifact id: '5fc9f570947114f2cee34c34022e80ba') in 0.054258 seconds
Number of updated asset objects reloaded before import = 0
Number of asset objects unloaded after import = 1
========================================================================
Received Import Request.
  Time since last request: 0.000020 seconds.
  path: Assets/Scripts/Tests/TestInputController.cs
  artifactKey: Guid(2b3e21422e254466810369536a65b19b) Importer(2089858483,0ecaa5967403d082aa24f35e1b516d23)
Start importing Assets/Scripts/Tests/TestInputController.cs using Guid(2b3e21422e254466810369536a65b19b) Importer(2089858483,0ecaa5967403d082aa24f35e1b516d23) [PhysX] Initialized MultithreadedTaskDispatcher with 20 workers.
 -> (artifact id: '623dae27d1e8b681d251e1a59dc8d46a') in 0.020109 seconds
Number of updated asset objects reloaded before import = 0
Number of asset objects unloaded after import = 1
========================================================================
Received Import Request.
  Time since last request: 0.000038 seconds.
  path: Assets/Effects/Smoke/Materials/Flame01.mat
  artifactKey: Guid(e43d70c08c6bf7e4aa274e46393928b3) Importer(2089858483,0ecaa5967403d082aa24f35e1b516d23)
Start importing Assets/Effects/Smoke/Materials/Flame01.mat using Guid(e43d70c08c6bf7e4aa274e46393928b3) Importer(2089858483,0ecaa5967403d082aa24f35e1b516d23) [PhysX] Initialized MultithreadedTaskDispatcher with 20 workers.
 -> (artifact id: 'a3b95d68bfda2c93ed01d599c6e27a86') in 0.055775 seconds
Number of updated asset objects reloaded before import = 0
Number of asset objects unloaded after import = 2
========================================================================
Received Import Request.
  Time since last request: 0.000035 seconds.
  path: Assets/TextMesh Pro/Shaders/TMP_Sprite.shader
  artifactKey: Guid(cf81c85f95fe47e1a27f6ae460cf182c) Importer(2089858483,0ecaa5967403d082aa24f35e1b516d23)
Start importing Assets/TextMesh Pro/Shaders/TMP_Sprite.shader using Guid(cf81c85f95fe47e1a27f6ae460cf182c) Importer(2089858483,0ecaa5967403d082aa24f35e1b516d23) [PhysX] Initialized MultithreadedTaskDispatcher with 20 workers.
 -> (artifact id: 'a332f9f7140ec0174e4caa2133fbccef') in 0.020120 seconds
Number of updated asset objects reloaded before import = 0
Number of asset objects unloaded after import = 1
========================================================================
Received Import Request.
  Time since last request: 0.000114 seconds.
  path: Assets/Scripts/Legacy/LegacyCurveUtility.cs
  artifactKey: Guid(37067db1955f4f62ba4c7b5ffb2941bd) Importer(2089858483,0ecaa5967403d082aa24f35e1b516d23)
Start importing Assets/Scripts/Legacy/LegacyCurveUtility.cs using Guid(37067db1955f4f62ba4c7b5ffb2941bd) Importer(2089858483,0ecaa5967403d082aa24f35e1b516d23) [PhysX] Initialized MultithreadedTaskDispatcher with 20 workers.
 -> (artifact id: '3e320f7ba729ad76093621c657f9682a') in 0.020423 seconds
Number of updated asset objects reloaded before import = 0
Number of asset objects unloaded after import = 1
========================================================================
Received Import Request.
  Time since last request: 0.000026 seconds.
  path: Assets/TextMesh Pro/Sprites/EmojiOne Attribution.txt
  artifactKey: Guid(381dcb09d5029d14897e55f98031fca5) Importer(2089858483,0ecaa5967403d082aa24f35e1b516d23)
Start importing Assets/TextMesh Pro/Sprites/EmojiOne Attribution.txt using Guid(381dcb09d5029d14897e55f98031fca5) Importer(2089858483,0ecaa5967403d082aa24f35e1b516d23) [PhysX] Initialized MultithreadedTaskDispatcher with 20 workers.
 -> (artifact id: 'fc61b1603ef9972897e1e91ce8341ddc') in 0.032464 seconds
Number of updated asset objects reloaded before import = 0
Number of asset objects unloaded after import = 1
========================================================================
Received Import Request.
  Time since last request: 0.000021 seconds.
  path: Assets/Models/Blocks/Materials/Sources/GridBox_Default.png
  artifactKey: Guid(19a97aef74c62de43ada255d9a5f53c8) Importer(2089858483,0ecaa5967403d082aa24f35e1b516d23)
Start importing Assets/Models/Blocks/Materials/Sources/GridBox_Default.png using Guid(19a97aef74c62de43ada255d9a5f53c8) Importer(2089858483,0ecaa5967403d082aa24f35e1b516d23) [PhysX] Initialized MultithreadedTaskDispatcher with 20 workers.
 -> (artifact id: 'c145dadbe8a947857024cd5f64413d3a') in 0.028915 seconds
Number of updated asset objects reloaded before import = 0
Number of asset objects unloaded after import = 1
========================================================================
Received Import Request.
  Time since last request: 0.000030 seconds.
  path: Assets/Effects/Smoke/Materials/Textures/SmokePuff04.png
  artifactKey: Guid(c904f5c1f19e8fc42865cf6d70b4fcb6) Importer(2089858483,0ecaa5967403d082aa24f35e1b516d23)
Start importing Assets/Effects/Smoke/Materials/Textures/SmokePuff04.png using Guid(c904f5c1f19e8fc42865cf6d70b4fcb6) Importer(2089858483,0ecaa5967403d082aa24f35e1b516d23) [PhysX] Initialized MultithreadedTaskDispatcher with 20 workers.
 -> (artifact id: '85e527ca4f6b0d8f09237d1040a33f7c') in 0.049187 seconds
Number of updated asset objects reloaded before import = 0
Number of asset objects unloaded after import = 1
========================================================================
Received Import Request.
  Time since last request: 0.000024 seconds.
  path: Assets/Effects/Explosion/Materials/Textures/ramp01.png
  artifactKey: Guid(99e09a9bd0f10384fa2a3bcbd5c65c9d) Importer(2089858483,0ecaa5967403d082aa24f35e1b516d23)
Start importing Assets/Effects/Explosion/Materials/Textures/ramp01.png using Guid(99e09a9bd0f10384fa2a3bcbd5c65c9d) Importer(2089858483,0ecaa5967403d082aa24f35e1b516d23) [PhysX] Initialized MultithreadedTaskDispatcher with 20 workers.
 -> (artifact id: '8c998f1721060255f7d988743fc23733') in 0.041669 seconds
Number of updated asset objects reloaded before import = 0
Number of asset objects unloaded after import = 1
========================================================================
Received Import Request.
  Time since last request: 0.000047 seconds.
  path: Assets/Effects/Explosion/Materials/Textures/SphereNormal.tif
  artifactKey: Guid(b7de68a779f91264e8da00162a6b7168) Importer(2089858483,0ecaa5967403d082aa24f35e1b516d23)
Start importing Assets/Effects/Explosion/Materials/Textures/SphereNormal.tif using Guid(b7de68a779f91264e8da00162a6b7168) Importer(2089858483,0ecaa5967403d082aa24f35e1b516d23) [PhysX] Initialized MultithreadedTaskDispatcher with 20 workers.
 -> (artifact id: '4acb49497039f55ecfbbe9513af1cd78') in 0.039657 seconds
Number of updated asset objects reloaded before import = 0
Number of asset objects unloaded after import = 1
========================================================================
Received Import Request.
  Time since last request: 0.000026 seconds.
  path: Assets/Models/Drone/References/Animations/Fan Controller.controller
  artifactKey: Guid(a2c255f835a5f984a931e730b1ed4a95) Importer(2089858483,0ecaa5967403d082aa24f35e1b516d23)
Start importing Assets/Models/Drone/References/Animations/Fan Controller.controller using Guid(a2c255f835a5f984a931e730b1ed4a95) Importer(2089858483,0ecaa5967403d082aa24f35e1b516d23) [PhysX] Initialized MultithreadedTaskDispatcher with 20 workers.
 -> (artifact id: 'f38fce855e4d55b8d0d2dc77ea1f8a83') in 0.037305 seconds
Number of updated asset objects reloaded before import = 0
Number of asset objects unloaded after import = 4
========================================================================
Received Import Request.
  Time since last request: 0.000034 seconds.
  path: Assets/Models/Drone/References/Materials/black.mat
  artifactKey: Guid(ca862d9708fb270498ff25634a51396d) Importer(2089858483,0ecaa5967403d082aa24f35e1b516d23)
Start importing Assets/Models/Drone/References/Materials/black.mat using Guid(ca862d9708fb270498ff25634a51396d) Importer(2089858483,0ecaa5967403d082aa24f35e1b516d23) [PhysX] Initialized MultithreadedTaskDispatcher with 20 workers.
 -> (artifact id: '7a79319fa4a55bcb9ec8e2ef3f29e29c') in 0.032710 seconds
Number of updated asset objects reloaded before import = 0
Number of asset objects unloaded after import = 1
========================================================================
Received Import Request.
  Time since last request: 0.000068 seconds.
  path: Assets/TextMesh Pro/Resources/Fonts & Materials/LiberationSans SDF - Outline.mat
  artifactKey: Guid(79459efec17a4d00a321bdcc27bbc385) Importer(2089858483,0ecaa5967403d082aa24f35e1b516d23)
Start importing Assets/TextMesh Pro/Resources/Fonts & Materials/LiberationSans SDF - Outline.mat using Guid(79459efec17a4d00a321bdcc27bbc385) Importer(2089858483,0ecaa5967403d082aa24f35e1b516d23) [PhysX] Initialized MultithreadedTaskDispatcher with 20 workers.
 -> (artifact id: '17a3c26cbc854706298f24b2469a52a5') in 0.052263 seconds
Number of updated asset objects reloaded before import = 0
Number of asset objects unloaded after import = 2
========================================================================
Received Import Request.
  Time since last request: 0.000073 seconds.
  path: Assets/Scripts/Tank/TankController.cs
  artifactKey: Guid(7936c83141e145379cdc9908d427b98b) Importer(2089858483,0ecaa5967403d082aa24f35e1b516d23)
Start importing Assets/Scripts/Tank/TankController.cs using Guid(7936c83141e145379cdc9908d427b98b) Importer(2089858483,0ecaa5967403d082aa24f35e1b516d23) [PhysX] Initialized MultithreadedTaskDispatcher with 20 workers.
 -> (artifact id: 'cd3b41a5dff771aa00dbfc1cacf95f81') in 0.020285 seconds
Number of updated asset objects reloaded before import = 0
Number of asset objects unloaded after import = 1
========================================================================
Received Import Request.
  Time since last request: 0.000095 seconds.
  path: Assets/Scripts/Interface/Speedometer.cs
  artifactKey: Guid(258daacd5fbf6f246ab201ddb4b1ef32) Importer(2089858483,0ecaa5967403d082aa24f35e1b516d23)
Start importing Assets/Scripts/Interface/Speedometer.cs using Guid(258daacd5fbf6f246ab201ddb4b1ef32) Importer(2089858483,0ecaa5967403d082aa24f35e1b516d23) [PhysX] Initialized MultithreadedTaskDispatcher with 20 workers.
 -> (artifact id: 'f55d30d23c0db9d0970fd3cb2a4f73cc') in 0.020654 seconds
Number of updated asset objects reloaded before import = 0
Number of asset objects unloaded after import = 1
========================================================================
Received Import Request.
  Time since last request: 0.000083 seconds.
  path: Assets/TextMesh Pro/Shaders/TMP_Bitmap.shader
  artifactKey: Guid(128e987d567d4e2c824d754223b3f3b0) Importer(2089858483,0ecaa5967403d082aa24f35e1b516d23)
Start importing Assets/TextMesh Pro/Shaders/TMP_Bitmap.shader using Guid(128e987d567d4e2c824d754223b3f3b0) Importer(2089858483,0ecaa5967403d082aa24f35e1b516d23) [PhysX] Initialized MultithreadedTaskDispatcher with 20 workers.
 -> (artifact id: '062f5110688c3a7718991beab7da3bf3') in 0.020891 seconds
Number of updated asset objects reloaded before import = 0
Number of asset objects unloaded after import = 1
========================================================================
Received Import Request.
  Time since last request: 0.000065 seconds.
  path: Assets/Prefabs/Tank.prefab
  artifactKey: Guid(4b85555bec31cb44289edbc589b5df81) Importer(2089858483,0ecaa5967403d082aa24f35e1b516d23)
Start importing Assets/Prefabs/Tank.prefab using Guid(4b85555bec31cb44289edbc589b5df81) Importer(2089858483,0ecaa5967403d082aa24f35e1b516d23) [PhysX] Initialized MultithreadedTaskDispatcher with 20 workers.
 -> (artifact id: '678532b61a0cce7b8c9278c2efc5be0b') in 0.062188 seconds
Number of updated asset objects reloaded before import = 0
Number of asset objects unloaded after import = 68
========================================================================
Received Import Request.
  Time since last request: 0.000028 seconds.
  path: Assets/Models/Track/Materials/NavySmooth.mat
  artifactKey: Guid(bccdb449802ea144b8709da9bac60356) Importer(2089858483,0ecaa5967403d082aa24f35e1b516d23)
Start importing Assets/Models/Track/Materials/NavySmooth.mat using Guid(bccdb449802ea144b8709da9bac60356) Importer(2089858483,0ecaa5967403d082aa24f35e1b516d23) [PhysX] Initialized MultithreadedTaskDispatcher with 20 workers.
 -> (artifact id: '536ae60c52f48476145b8e75afebe848') in 0.022868 seconds
Number of updated asset objects reloaded before import = 0
Number of asset objects unloaded after import = 2
========================================================================
Received Import Request.
  Time since last request: 0.000028 seconds.
  path: Assets/Scripts/Editor/LayerAndTagGenerator.cs
  artifactKey: Guid(e32c7f71f8114211b09270199a70c667) Importer(2089858483,0ecaa5967403d082aa24f35e1b516d23)
Start importing Assets/Scripts/Editor/LayerAndTagGenerator.cs using Guid(e32c7f71f8114211b09270199a70c667) Importer(2089858483,0ecaa5967403d082aa24f35e1b516d23) [PhysX] Initialized MultithreadedTaskDispatcher with 20 workers.
 -> (artifact id: 'c35ec79ece730bdded1dc13758f2374c') in 0.021551 seconds
Number of updated asset objects reloaded before import = 0
Number of asset objects unloaded after import = 1
========================================================================
Received Import Request.
  Time since last request: 0.000127 seconds.
  path: Assets/TextMesh Pro/Shaders/TMP_SDF-Mobile.shader
  artifactKey: Guid(fe393ace9b354375a9cb14cdbbc28be4) Importer(2089858483,0ecaa5967403d082aa24f35e1b516d23)
Start importing Assets/TextMesh Pro/Shaders/TMP_SDF-Mobile.shader using Guid(fe393ace9b354375a9cb14cdbbc28be4) Importer(2089858483,0ecaa5967403d082aa24f35e1b516d23) [PhysX] Initialized MultithreadedTaskDispatcher with 20 workers.
 -> (artifact id: '1a17696b5a67cd81365fa19e05e294c5') in 0.024394 seconds
Number of updated asset objects reloaded before import = 0
Number of asset objects unloaded after import = 1
========================================================================
Received Import Request.
  Time since last request: 0.000131 seconds.
  path: Assets/Models/Blocks/Materials/ObstacleGreenMaterial.mat
  artifactKey: Guid(f415c369b8d98d14b8152d79cc70a4cc) Importer(2089858483,0ecaa5967403d082aa24f35e1b516d23)
Start importing Assets/Models/Blocks/Materials/ObstacleGreenMaterial.mat using Guid(f415c369b8d98d14b8152d79cc70a4cc) Importer(2089858483,0ecaa5967403d082aa24f35e1b516d23) [PhysX] Initialized MultithreadedTaskDispatcher with 20 workers.
 -> (artifact id: 'afc049e8c8e8c842eb6eb8a844f34366') in 0.036739 seconds
Number of updated asset objects reloaded before import = 0
Number of asset objects unloaded after import = 2
========================================================================
Received Import Request.
  Time since last request: 0.000065 seconds.
  path: Assets/Plugins/Zenject/Source/Factories/PlaceholderFactoryBase.cs
  artifactKey: Guid(2a15cf923ae4d72418e9951480e9f178) Importer(2089858483,0ecaa5967403d082aa24f35e1b516d23)
Start importing Assets/Plugins/Zenject/Source/Factories/PlaceholderFactoryBase.cs using Guid(2a15cf923ae4d72418e9951480e9f178) Importer(2089858483,0ecaa5967403d082aa24f35e1b516d23) [PhysX] Initialized MultithreadedTaskDispatcher with 20 workers.
 -> (artifact id: '3a553fcf8b5cd3f8dcc781074c1e1429') in 0.021024 seconds
Number of updated asset objects reloaded before import = 0
Number of asset objects unloaded after import = 1
========================================================================
Received Import Request.
  Time since last request: 0.000086 seconds.
  path: Assets/Plugins/Zenject/Source/Editor/EditorStaticInstaller.cs
  artifactKey: Guid(fcb2e11e0ed56de48b0ba9b5e3ae10c9) Importer(2089858483,0ecaa5967403d082aa24f35e1b516d23)
Start importing Assets/Plugins/Zenject/Source/Editor/EditorStaticInstaller.cs using Guid(fcb2e11e0ed56de48b0ba9b5e3ae10c9) Importer(2089858483,0ecaa5967403d082aa24f35e1b516d23) [PhysX] Initialized MultithreadedTaskDispatcher with 20 workers.
 -> (artifact id: 'ebcb04890eecf487e659de320ee65e95') in 0.023610 seconds
Number of updated asset objects reloaded before import = 0
Number of asset objects unloaded after import = 1
========================================================================
Received Import Request.
  Time since last request: 0.000020 seconds.
  path: Assets/Plugins/Zenject/Source/Editor/ObjectGraphVisualizer.cs
  artifactKey: Guid(29f47f2a06418244e8fcbe27db1a0eea) Importer(2089858483,0ecaa5967403d082aa24f35e1b516d23)
Start importing Assets/Plugins/Zenject/Source/Editor/ObjectGraphVisualizer.cs using Guid(29f47f2a06418244e8fcbe27db1a0eea) Importer(2089858483,0ecaa5967403d082aa24f35e1b516d23) [PhysX] Initialized MultithreadedTaskDispatcher with 20 workers.
 -> (artifact id: 'da27e37a0dc949b5cfed334ced9fc3fe') in 0.019471 seconds
Number of updated asset objects reloaded before import = 0
Number of asset objects unloaded after import = 1
========================================================================
Received Import Request.
  Time since last request: 0.000027 seconds.
  path: Assets/Plugins/Zenject/Source/Install/IInstaller.cs
  artifactKey: Guid(65a9d43edcbe33640989f12f980de5d1) Importer(2089858483,0ecaa5967403d082aa24f35e1b516d23)
Start importing Assets/Plugins/Zenject/Source/Install/IInstaller.cs using Guid(65a9d43edcbe33640989f12f980de5d1) Importer(2089858483,0ecaa5967403d082aa24f35e1b516d23) [PhysX] Initialized MultithreadedTaskDispatcher with 20 workers.
 -> (artifact id: '54c952a15c3f7b87a9fe72b02b0aec0c') in 0.020686 seconds
Number of updated asset objects reloaded before import = 0
Number of asset objects unloaded after import = 1
========================================================================
Received Import Request.
  Time since last request: 0.000112 seconds.
  path: Assets/Models/Tank/Materials/Textures/SkidTrailAlbedo.png
  artifactKey: Guid(06e5c4401455b1d43a6255b4b8776102) Importer(2089858483,0ecaa5967403d082aa24f35e1b516d23)
Start importing Assets/Models/Tank/Materials/Textures/SkidTrailAlbedo.png using Guid(06e5c4401455b1d43a6255b4b8776102) Importer(2089858483,0ecaa5967403d082aa24f35e1b516d23) [PhysX] Initialized MultithreadedTaskDispatcher with 20 workers.
 -> (artifact id: 'a50e02d5d304d4bc07195285229c78dc') in 0.043575 seconds
Number of updated asset objects reloaded before import = 0
Number of asset objects unloaded after import = 1
========================================================================
Received Import Request.
  Time since last request: 0.000036 seconds.
  path: Assets/Plugins/Zenject/Source/Install/InstallerBase.cs
  artifactKey: Guid(d908209e11d07744483c5fea3b406f33) Importer(2089858483,0ecaa5967403d082aa24f35e1b516d23)
Start importing Assets/Plugins/Zenject/Source/Install/InstallerBase.cs using Guid(d908209e11d07744483c5fea3b406f33) Importer(2089858483,0ecaa5967403d082aa24f35e1b516d23) [PhysX] Initialized MultithreadedTaskDispatcher with 20 workers.
 -> (artifact id: '29963fdd9b662fb6da02b0ac1d6f2816') in 0.022668 seconds
Number of updated asset objects reloaded before import = 0
Number of asset objects unloaded after import = 1
========================================================================
Received Import Request.
  Time since last request: 0.000048 seconds.
  path: Assets/Plugins/Zenject/Source/Install/ScriptableObjectInstaller.cs
  artifactKey: Guid(00b9d7602aaf02748aa93779bbf29799) Importer(2089858483,0ecaa5967403d082aa24f35e1b516d23)
Start importing Assets/Plugins/Zenject/Source/Install/ScriptableObjectInstaller.cs using Guid(00b9d7602aaf02748aa93779bbf29799) Importer(2089858483,0ecaa5967403d082aa24f35e1b516d23) [PhysX] Initialized MultithreadedTaskDispatcher with 20 workers.
 -> (artifact id: 'cac0632687f0f795dc82449c5c050d44') in 0.024326 seconds
Number of updated asset objects reloaded before import = 0
Number of asset objects unloaded after import = 1
========================================================================
Received Import Request.
  Time since last request: 0.000097 seconds.
  path: Assets/TextMesh Pro/Shaders/TMP_SDF SSD.shader
  artifactKey: Guid(14eb328de4b8eb245bb7cea29e4ac00b) Importer(2089858483,0ecaa5967403d082aa24f35e1b516d23)
Start importing Assets/TextMesh Pro/Shaders/TMP_SDF SSD.shader using Guid(14eb328de4b8eb245bb7cea29e4ac00b) Importer(2089858483,0ecaa5967403d082aa24f35e1b516d23) [PhysX] Initialized MultithreadedTaskDispatcher with 20 workers.
 -> (artifact id: '469d9969d23582b7ce5e848021dad5a1') in 0.025059 seconds
Number of updated asset objects reloaded before import = 0
Number of asset objects unloaded after import = 1
========================================================================
Received Import Request.
  Time since last request: 0.000077 seconds.
  path: Assets/Effects/Smoke/SmokeEffect.prefab
  artifactKey: Guid(01757334d0222ed4881ce8922d96bd92) Importer(2089858483,0ecaa5967403d082aa24f35e1b516d23)
Start importing Assets/Effects/Smoke/SmokeEffect.prefab using Guid(01757334d0222ed4881ce8922d96bd92) Importer(2089858483,0ecaa5967403d082aa24f35e1b516d23) [PhysX] Initialized MultithreadedTaskDispatcher with 20 workers.
 -> (artifact id: 'e6fa6c029af8ff250223486505dbf038') in 0.068837 seconds
Number of updated asset objects reloaded before import = 0
Number of asset objects unloaded after import = 6
========================================================================
Received Import Request.
  Time since last request: 0.000025 seconds.
  path: Assets/Materials/GreenElementMaterial.mat
  artifactKey: Guid(f93a8214306c4404aafc331242c655bd) Importer(2089858483,0ecaa5967403d082aa24f35e1b516d23)
Start importing Assets/Materials/GreenElementMaterial.mat using Guid(f93a8214306c4404aafc331242c655bd) Importer(2089858483,0ecaa5967403d082aa24f35e1b516d23) [PhysX] Initialized MultithreadedTaskDispatcher with 20 workers.
 -> (artifact id: '135c0824fc9d0ff7c2c7d88b27fe3b57') in 0.021380 seconds
Number of updated asset objects reloaded before import = 0
Number of asset objects unloaded after import = 1
========================================================================
Received Import Request.
  Time since last request: 0.000138 seconds.
  path: Assets/Scripts/CinemachineInputCustomProvider.cs
  artifactKey: Guid(b8b7bc0aed91421f82a8dfd7898692a5) Importer(2089858483,0ecaa5967403d082aa24f35e1b516d23)
Start importing Assets/Scripts/CinemachineInputCustomProvider.cs using Guid(b8b7bc0aed91421f82a8dfd7898692a5) Importer(2089858483,0ecaa5967403d082aa24f35e1b516d23) [PhysX] Initialized MultithreadedTaskDispatcher with 20 workers.
 -> (artifact id: '310236671b8a4d0233a27ef339bd80c5') in 0.017206 seconds
Number of updated asset objects reloaded before import = 0
Number of asset objects unloaded after import = 1
========================================================================
Received Import Request.
  Time since last request: 0.000102 seconds.
  path: Assets/Models/Tank/Tank_Model.FBX
  artifactKey: Guid(3d210b2be9d4b9144b53828dfc2e73e3) Importer(2089858483,0ecaa5967403d082aa24f35e1b516d23)
Start importing Assets/Models/Tank/Tank_Model.FBX using Guid(3d210b2be9d4b9144b53828dfc2e73e3) Importer(2089858483,0ecaa5967403d082aa24f35e1b516d23) [PhysX] Initialized MultithreadedTaskDispatcher with 20 workers.
 -> (artifact id: '662230b3fa29975b6307d70ad3b2352b') in 0.051670 seconds
Number of updated asset objects reloaded before import = 0
Number of asset objects unloaded after import = 69
========================================================================
Received Import Request.
  Time since last request: 0.000027 seconds.
  path: Assets/Scripts/Tank/ProjectileTracker.cs
  artifactKey: Guid(cb71d6d589fd4f1292660e4fa94176a7) Importer(2089858483,0ecaa5967403d082aa24f35e1b516d23)
Start importing Assets/Scripts/Tank/ProjectileTracker.cs using Guid(cb71d6d589fd4f1292660e4fa94176a7) Importer(2089858483,0ecaa5967403d082aa24f35e1b516d23) [PhysX] Initialized MultithreadedTaskDispatcher with 20 workers.
 -> (artifact id: '71ce8dd2ebf28c5b0a55003ab76b0254') in 0.022370 seconds
Number of updated asset objects reloaded before import = 0
Number of asset objects unloaded after import = 1
========================================================================
Received Import Request.
  Time since last request: 0.000144 seconds.
  path: Assets/Effects/Explosion/Materials/Textures/Explosion.tif
  artifactKey: Guid(409ef26b64696f340b2f62b41d2fc11f) Importer(2089858483,0ecaa5967403d082aa24f35e1b516d23)
Start importing Assets/Effects/Explosion/Materials/Textures/Explosion.tif using Guid(409ef26b64696f340b2f62b41d2fc11f) Importer(2089858483,0ecaa5967403d082aa24f35e1b516d23) [PhysX] Initialized MultithreadedTaskDispatcher with 20 workers.
 -> (artifact id: '71527fe4af4b6a80b9975a9ae4dd73e1') in 0.054333 seconds
Number of updated asset objects reloaded before import = 0
Number of asset objects unloaded after import = 1
========================================================================
Received Import Request.
  Time since last request: 0.000113 seconds.
  path: Assets/Effects/Smoke/Materials/Embers.mat
  artifactKey: Guid(cb54088e4fe82ce44aafb5f3dc12b530) Importer(2089858483,0ecaa5967403d082aa24f35e1b516d23)
Start importing Assets/Effects/Smoke/Materials/Embers.mat using Guid(cb54088e4fe82ce44aafb5f3dc12b530) Importer(2089858483,0ecaa5967403d082aa24f35e1b516d23) [PhysX] Initialized MultithreadedTaskDispatcher with 20 workers.
 -> (artifact id: '4ef9622fc0cd9a44cfa054af4a418dea') in 0.028188 seconds
Number of updated asset objects reloaded before import = 0
Number of asset objects unloaded after import = 1
========================================================================
Received Import Request.
  Time since last request: 0.000026 seconds.
  path: Assets/Plugins/Zenject/Source/Main/ZenjectSettings.cs
  artifactKey: Guid(1581703805dca9046a9197095cbbf3d1) Importer(2089858483,0ecaa5967403d082aa24f35e1b516d23)
Start importing Assets/Plugins/Zenject/Source/Main/ZenjectSettings.cs using Guid(1581703805dca9046a9197095cbbf3d1) Importer(2089858483,0ecaa5967403d082aa24f35e1b516d23) [PhysX] Initialized MultithreadedTaskDispatcher with 20 workers.
 -> (artifact id: '44bed15c819034ff9c750936a87d1ab7') in 0.025150 seconds
Number of updated asset objects reloaded before import = 0
Number of asset objects unloaded after import = 1
========================================================================
Received Import Request.
  Time since last request: 0.000029 seconds.
  path: Assets/Plugins/Zenject/Source/Main/IInstantiator.cs
  artifactKey: Guid(27acc83df7708be4185afec9bd506165) Importer(2089858483,0ecaa5967403d082aa24f35e1b516d23)
Start importing Assets/Plugins/Zenject/Source/Main/IInstantiator.cs using Guid(27acc83df7708be4185afec9bd506165) Importer(2089858483,0ecaa5967403d082aa24f35e1b516d23) [PhysX] Initialized MultithreadedTaskDispatcher with 20 workers.
 -> (artifact id: '625524057a0460ff17b64920ed526e39') in 0.026848 seconds
Number of updated asset objects reloaded before import = 0
Number of asset objects unloaded after import = 1
========================================================================
Received Import Request.
  Time since last request: 0.000121 seconds.
  path: Assets/Plugins/Zenject/Source/Providers/IFactoryProvider.cs
  artifactKey: Guid(eaf07c2b7ad9f684dac7f1da2ee67f5c) Importer(2089858483,0ecaa5967403d082aa24f35e1b516d23)
Start importing Assets/Plugins/Zenject/Source/Providers/IFactoryProvider.cs using Guid(eaf07c2b7ad9f684dac7f1da2ee67f5c) Importer(2089858483,0ecaa5967403d082aa24f35e1b516d23) [PhysX] Initialized MultithreadedTaskDispatcher with 20 workers.
 -> (artifact id: '1eb106804955b0873f083873fe63058c') in 0.019259 seconds
Number of updated asset objects reloaded before import = 0
Number of asset objects unloaded after import = 1
========================================================================
Received Import Request.
  Time since last request: 0.000058 seconds.
  path: Assets/Plugins/Zenject/Source/Internal/TypeStringFormatter.cs
  artifactKey: Guid(94a0a9a58e17e3d438c169678c9795f7) Importer(2089858483,0ecaa5967403d082aa24f35e1b516d23)
Start importing Assets/Plugins/Zenject/Source/Internal/TypeStringFormatter.cs using Guid(94a0a9a58e17e3d438c169678c9795f7) Importer(2089858483,0ecaa5967403d082aa24f35e1b516d23) [PhysX] Initialized MultithreadedTaskDispatcher with 20 workers.
 -> (artifact id: '873f72692ff72b327cfbd10cdcff9c49') in 0.022161 seconds
Number of updated asset objects reloaded before import = 0
Number of asset objects unloaded after import = 1
========================================================================
Received Import Request.
  Time since last request: 0.000028 seconds.
  path: Assets/Plugins/Zenject/Source/Providers/CachedProvider.cs
  artifactKey: Guid(e6e16beb21a2f0d4db901700c6ed3099) Importer(2089858483,0ecaa5967403d082aa24f35e1b516d23)
Start importing Assets/Plugins/Zenject/Source/Providers/CachedProvider.cs using Guid(e6e16beb21a2f0d4db901700c6ed3099) Importer(2089858483,0ecaa5967403d082aa24f35e1b516d23) [PhysX] Initialized MultithreadedTaskDispatcher with 20 workers.
 -> (artifact id: '083a674e098e84592b9cab652cb46e49') in 0.020773 seconds
Number of updated asset objects reloaded before import = 0
Number of asset objects unloaded after import = 1
========================================================================
Received Import Request.
  Time since last request: 0.000042 seconds.
  path: Assets/Plugins/Zenject/Source/Internal/Assert.cs
  artifactKey: Guid(2968c9f42475ea146aec3ced9cbd99ad) Importer(2089858483,0ecaa5967403d082aa24f35e1b516d23)
Start importing Assets/Plugins/Zenject/Source/Internal/Assert.cs using Guid(2968c9f42475ea146aec3ced9cbd99ad) Importer(2089858483,0ecaa5967403d082aa24f35e1b516d23) [PhysX] Initialized MultithreadedTaskDispatcher with 20 workers.
 -> (artifact id: '50fd235bcd1aa423383b653a9a537766') in 0.023599 seconds
Number of updated asset objects reloaded before import = 0
Number of asset objects unloaded after import = 1
========================================================================
Received Import Request.
  Time since last request: 0.000053 seconds.
  path: Assets/Plugins/Zenject/Source/Providers/InstanceProvider.cs
  artifactKey: Guid(1d3d5b3bdf966444099f2dfdf3a313fd) Importer(2089858483,0ecaa5967403d082aa24f35e1b516d23)
Start importing Assets/Plugins/Zenject/Source/Providers/InstanceProvider.cs using Guid(1d3d5b3bdf966444099f2dfdf3a313fd) Importer(2089858483,0ecaa5967403d082aa24f35e1b516d23) [PhysX] Initialized MultithreadedTaskDispatcher with 20 workers.
 -> (artifact id: 'c103218dd1e36d5e43caccd5291c1c6d') in 0.019334 seconds
Number of updated asset objects reloaded before import = 0
Number of asset objects unloaded after import = 1
========================================================================
Received Import Request.
  Time since last request: 0.000024 seconds.
  path: Assets/Scripts/Structs.cs
  artifactKey: Guid(5502e0431966409a938797d454db16ae) Importer(2089858483,0ecaa5967403d082aa24f35e1b516d23)
Start importing Assets/Scripts/Structs.cs using Guid(5502e0431966409a938797d454db16ae) Importer(2089858483,0ecaa5967403d082aa24f35e1b516d23) [PhysX] Initialized MultithreadedTaskDispatcher with 20 workers.
 -> (artifact id: 'd9289bad088ff3107db30278faa4ca48') in 0.016769 seconds
Number of updated asset objects reloaded before import = 0
Number of asset objects unloaded after import = 1
========================================================================
Received Import Request.
  Time since last request: 0.000024 seconds.
  path: Assets/Plugins/Zenject/Source/Injection/InjectUtil.cs
  artifactKey: Guid(0ebfddbd9452a9c4cb6c9dfe7a25ea53) Importer(2089858483,0ecaa5967403d082aa24f35e1b516d23)
Start importing Assets/Plugins/Zenject/Source/Injection/InjectUtil.cs using Guid(0ebfddbd9452a9c4cb6c9dfe7a25ea53) Importer(2089858483,0ecaa5967403d082aa24f35e1b516d23) [PhysX] Initialized MultithreadedTaskDispatcher with 20 workers.
 -> (artifact id: '3c70ad8fcb4170b3a6b5ee564c1c2b5c') in 0.021131 seconds
Number of updated asset objects reloaded before import = 0
Number of asset objects unloaded after import = 1
========================================================================
Received Import Request.
  Time since last request: 0.000070 seconds.
  path: Assets/Materials/RedElementMaterial.mat
  artifactKey: Guid(6a3087468cafec5498e6ba032a010ca6) Importer(2089858483,0ecaa5967403d082aa24f35e1b516d23)
Start importing Assets/Materials/RedElementMaterial.mat using Guid(6a3087468cafec5498e6ba032a010ca6) Importer(2089858483,0ecaa5967403d082aa24f35e1b516d23) [PhysX] Initialized MultithreadedTaskDispatcher with 20 workers.
 -> (artifact id: '35d699d32e3270641e8dd3afd3c8fde7') in 0.023578 seconds
Number of updated asset objects reloaded before import = 0
Number of asset objects unloaded after import = 1
========================================================================
Received Import Request.
  Time since last request: 0.000071 seconds.
  path: Assets/TextMesh Pro/Shaders/TMPro_Properties.cginc
  artifactKey: Guid(3997e2241185407d80309a82f9148466) Importer(2089858483,0ecaa5967403d082aa24f35e1b516d23)
Start importing Assets/TextMesh Pro/Shaders/TMPro_Properties.cginc using Guid(3997e2241185407d80309a82f9148466) Importer(2089858483,0ecaa5967403d082aa24f35e1b516d23) [PhysX] Initialized MultithreadedTaskDispatcher with 20 workers.
 -> (artifact id: 'b0884b5537c64b88f3a7bd551efd8925') in 0.035643 seconds
Number of updated asset objects reloaded before import = 0
Number of asset objects unloaded after import = 1
========================================================================
Received Import Request.
  Time since last request: 0.000035 seconds.
  path: Assets/TextMesh Pro/Shaders/TMP_SDF.shader
  artifactKey: Guid(68e6db2ebdc24f95958faec2be5558d6) Importer(2089858483,0ecaa5967403d082aa24f35e1b516d23)
Start importing Assets/TextMesh Pro/Shaders/TMP_SDF.shader using Guid(68e6db2ebdc24f95958faec2be5558d6) Importer(2089858483,0ecaa5967403d082aa24f35e1b516d23) [PhysX] Initialized MultithreadedTaskDispatcher with 20 workers.
 -> (artifact id: 'ed464003020c3e7d0abdaf53e2dcd585') in 0.024374 seconds
Number of updated asset objects reloaded before import = 0
Number of asset objects unloaded after import = 1
========================================================================
Received Import Request.
  Time since last request: 0.000028 seconds.
  path: Assets/Scripts/Bullets/ProjectilePool.cs
  artifactKey: Guid(ede0fb515d45f2b4bb0f1921bbf096e6) Importer(2089858483,0ecaa5967403d082aa24f35e1b516d23)
Start importing Assets/Scripts/Bullets/ProjectilePool.cs using Guid(ede0fb515d45f2b4bb0f1921bbf096e6) Importer(2089858483,0ecaa5967403d082aa24f35e1b516d23) [PhysX] Initialized MultithreadedTaskDispatcher with 20 workers.
 -> (artifact id: '47a01f0ad7ba749923ae79488488be30') in 0.019064 seconds
Number of updated asset objects reloaded before import = 0
Number of asset objects unloaded after import = 1
========================================================================
Received Import Request.
  Time since last request: 0.000058 seconds.
  path: Assets/Plugins/Zenject/Source/Install/Installer.cs
  artifactKey: Guid(743eef94d86c79e4189b311a7c7528ce) Importer(2089858483,0ecaa5967403d082aa24f35e1b516d23)
Start importing Assets/Plugins/Zenject/Source/Install/Installer.cs using Guid(743eef94d86c79e4189b311a7c7528ce) Importer(2089858483,0ecaa5967403d082aa24f35e1b516d23) [PhysX] Initialized MultithreadedTaskDispatcher with 20 workers.
 -> (artifact id: '47c34f613241cc3c03d6c0e9a0ae8f1c') in 0.022128 seconds
Number of updated asset objects reloaded before import = 0
Number of asset objects unloaded after import = 1
========================================================================
Received Import Request.
  Time since last request: 0.000028 seconds.
  path: Assets/Effects/Smoke/Materials/Textures/SmokeLoop.tif
  artifactKey: Guid(d1b932090277f37428c753cf27824d4a) Importer(2089858483,0ecaa5967403d082aa24f35e1b516d23)
Start importing Assets/Effects/Smoke/Materials/Textures/SmokeLoop.tif using Guid(d1b932090277f37428c753cf27824d4a) Importer(2089858483,0ecaa5967403d082aa24f35e1b516d23) [PhysX] Initialized MultithreadedTaskDispatcher with 20 workers.
 -> (artifact id: '23a78e640573d541d17b1169980731c2') in 0.027295 seconds
Number of updated asset objects reloaded before import = 0
Number of asset objects unloaded after import = 1
========================================================================
Received Import Request.
  Time since last request: 0.000030 seconds.
  path: Assets/Plugins/Zenject/Source/Providers/MethodProviderMultiple.cs
  artifactKey: Guid(0e5a590d4406d6e46ba319046057db53) Importer(2089858483,0ecaa5967403d082aa24f35e1b516d23)
Start importing Assets/Plugins/Zenject/Source/Providers/MethodProviderMultiple.cs using Guid(0e5a590d4406d6e46ba319046057db53) Importer(2089858483,0ecaa5967403d082aa24f35e1b516d23) [PhysX] Initialized MultithreadedTaskDispatcher with 20 workers.
 -> (artifact id: 'a8a2c04bd2f97102c8745808661ea9c4') in 0.021073 seconds
Number of updated asset objects reloaded before import = 0
Number of asset objects unloaded after import = 1
========================================================================
Received Import Request.
  Time since last request: 0.000070 seconds.
  path: Assets/Plugins/Zenject/Source/Factories/PrefabResourceFactory.cs
  artifactKey: Guid(5fd50037209abd647b7ae7391717f015) Importer(2089858483,0ecaa5967403d082aa24f35e1b516d23)
Start importing Assets/Plugins/Zenject/Source/Factories/PrefabResourceFactory.cs using Guid(5fd50037209abd647b7ae7391717f015) Importer(2089858483,0ecaa5967403d082aa24f35e1b516d23) [PhysX] Initialized MultithreadedTaskDispatcher with 20 workers.
 -> (artifact id: 'a41e9b9c3617b920d0e986e8fc316229') in 0.020334 seconds
Number of updated asset objects reloaded before import = 0
Number of asset objects unloaded after import = 1
========================================================================
Received Import Request.
  Time since last request: 0.000021 seconds.
  path: Assets/Plugins/Zenject/Source/Main/LazyInstanceInjector.cs
  artifactKey: Guid(c7bd2a03033e83a4c9dab4d27166b412) Importer(2089858483,0ecaa5967403d082aa24f35e1b516d23)
Start importing Assets/Plugins/Zenject/Source/Main/LazyInstanceInjector.cs using Guid(c7bd2a03033e83a4c9dab4d27166b412) Importer(2089858483,0ecaa5967403d082aa24f35e1b516d23) [PhysX] Initialized MultithreadedTaskDispatcher with 20 workers.
 -> (artifact id: 'd736e0c6f61799a35ee715e6d86b40f4') in 0.019047 seconds
Number of updated asset objects reloaded before import = 0
Number of asset objects unloaded after import = 1
========================================================================
Received Import Request.
  Time since last request: 0.000025 seconds.
  path: Assets/Plugins/Zenject/Source/Providers/IProviderExtensions.cs
  artifactKey: Guid(2377e3000d1616e4d8cb29c183f216b4) Importer(2089858483,0ecaa5967403d082aa24f35e1b516d23)
Start importing Assets/Plugins/Zenject/Source/Providers/IProviderExtensions.cs using Guid(2377e3000d1616e4d8cb29c183f216b4) Importer(2089858483,0ecaa5967403d082aa24f35e1b516d23) [PhysX] Initialized MultithreadedTaskDispatcher with 20 workers.
 -> (artifact id: 'dda565fa696a5248cdca82af40bf2cc9') in 0.020830 seconds
Number of updated asset objects reloaded before import = 0
Number of asset objects unloaded after import = 1
========================================================================
Received Import Request.
  Time since last request: 0.000038 seconds.
  path: Assets/Models/Track/Materials/Textures/SwatchNavyAlbedo.png
  artifactKey: Guid(ee5f9bf88befa4e4eb6ac1d74dae4051) Importer(2089858483,0ecaa5967403d082aa24f35e1b516d23)
Start importing Assets/Models/Track/Materials/Textures/SwatchNavyAlbedo.png using Guid(ee5f9bf88befa4e4eb6ac1d74dae4051) Importer(2089858483,0ecaa5967403d082aa24f35e1b516d23) [PhysX] Initialized MultithreadedTaskDispatcher with 20 workers.
 -> (artifact id: '2dd5f373fbcbb8fd962240dc65e7a23c') in 0.029691 seconds
Number of updated asset objects reloaded before import = 0
Number of asset objects unloaded after import = 1
========================================================================
Received Import Request.
  Time since last request: 0.000107 seconds.
  path: Assets/Plugins/Zenject/Source/Install/MonoInstallerBase.cs
  artifactKey: Guid(93d53e91e1ef3484a99feb7aa58f2b63) Importer(2089858483,0ecaa5967403d082aa24f35e1b516d23)
Start importing Assets/Plugins/Zenject/Source/Install/MonoInstallerBase.cs using Guid(93d53e91e1ef3484a99feb7aa58f2b63) Importer(2089858483,0ecaa5967403d082aa24f35e1b516d23) [PhysX] Initialized MultithreadedTaskDispatcher with 20 workers.
 -> (artifact id: 'ba11a1ce04133630246f8e9d2d2b088a') in 0.022304 seconds
Number of updated asset objects reloaded before import = 0
Number of asset objects unloaded after import = 1
========================================================================
Received Import Request.
  Time since last request: 0.000019 seconds.
  path: Assets/Plugins/Zenject/Source/Providers/MethodProviderUntyped.cs
  artifactKey: Guid(bddc7ee81ed8fd84cbf60eebf5cb3e41) Importer(2089858483,0ecaa5967403d082aa24f35e1b516d23)
Start importing Assets/Plugins/Zenject/Source/Providers/MethodProviderUntyped.cs using Guid(bddc7ee81ed8fd84cbf60eebf5cb3e41) Importer(2089858483,0ecaa5967403d082aa24f35e1b516d23) [PhysX] Initialized MultithreadedTaskDispatcher with 20 workers.
 -> (artifact id: '033566e068b26b44752bb620904d7629') in 0.018569 seconds
Number of updated asset objects reloaded before import = 0
Number of asset objects unloaded after import = 1
========================================================================
Received Import Request.
  Time since last request: 0.000070 seconds.
  path: Assets/Plugins/Zenject/Source/Util/ZenjectException.cs
  artifactKey: Guid(60bbf1e064ae9674185f3f301957c914) Importer(2089858483,0ecaa5967403d082aa24f35e1b516d23)
Start importing Assets/Plugins/Zenject/Source/Util/ZenjectException.cs using Guid(60bbf1e064ae9674185f3f301957c914) Importer(2089858483,0ecaa5967403d082aa24f35e1b516d23) [PhysX] Initialized MultithreadedTaskDispatcher with 20 workers.
 -> (artifact id: '5cc966e1c07b7a6dd3141226b8ca79b3') in 0.020841 seconds
Number of updated asset objects reloaded before import = 0
Number of asset objects unloaded after import = 1
========================================================================
Received Import Request.
  Time since last request: 0.000065 seconds.
  path: Assets/Plugins/Zenject/Source/Providers/ProviderUtil.cs
  artifactKey: Guid(278c72df466e8b049bc7ce6feb535cb1) Importer(2089858483,0ecaa5967403d082aa24f35e1b516d23)
Start importing Assets/Plugins/Zenject/Source/Providers/ProviderUtil.cs using Guid(278c72df466e8b049bc7ce6feb535cb1) Importer(2089858483,0ecaa5967403d082aa24f35e1b516d23) [PhysX] Initialized MultithreadedTaskDispatcher with 20 workers.
 -> (artifact id: 'd929b41334cdb9528f0941744045a161') in 0.019995 seconds
Number of updated asset objects reloaded before import = 0
Number of asset objects unloaded after import = 1
========================================================================
Received Import Request.
  Time since last request: 0.000209 seconds.
  path: Assets/Plugins/Zenject/Source/Providers/TransientProvider.cs
  artifactKey: Guid(84c5bc61bc03f17468a1953edb7dcd42) Importer(2089858483,0ecaa5967403d082aa24f35e1b516d23)
Start importing Assets/Plugins/Zenject/Source/Providers/TransientProvider.cs using Guid(84c5bc61bc03f17468a1953edb7dcd42) Importer(2089858483,0ecaa5967403d082aa24f35e1b516d23) [PhysX] Initialized MultithreadedTaskDispatcher with 20 workers.
 -> (artifact id: '68c3236248503120b73a92416b888b5d') in 0.022488 seconds
Number of updated asset objects reloaded before import = 0
Number of asset objects unloaded after import = 1
========================================================================
Received Import Request.
  Time since last request: 0.000112 seconds.
  path: Assets/Plugins/Zenject/Source/Runtime/GuiRenderableManager.cs
  artifactKey: Guid(5ca4a43d84d9d554080d313280363783) Importer(2089858483,0ecaa5967403d082aa24f35e1b516d23)
Start importing Assets/Plugins/Zenject/Source/Runtime/GuiRenderableManager.cs using Guid(5ca4a43d84d9d554080d313280363783) Importer(2089858483,0ecaa5967403d082aa24f35e1b516d23) [PhysX] Initialized MultithreadedTaskDispatcher with 20 workers.
 -> (artifact id: '22ab8409da26e347084308414a6a04ba') in 0.021767 seconds
Number of updated asset objects reloaded before import = 0
Number of asset objects unloaded after import = 1
========================================================================
Received Import Request.
  Time since last request: 0.000024 seconds.
  path: Assets/Plugins/Zenject/Source/Util/ZenAutoInjecter.cs
  artifactKey: Guid(717a02054ef2699498e6bd4234fd7995) Importer(2089858483,0ecaa5967403d082aa24f35e1b516d23)
Start importing Assets/Plugins/Zenject/Source/Util/ZenAutoInjecter.cs using Guid(717a02054ef2699498e6bd4234fd7995) Importer(2089858483,0ecaa5967403d082aa24f35e1b516d23) [PhysX] Initialized MultithreadedTaskDispatcher with 20 workers.
 -> (artifact id: 'e2956f83808e341b244db6c25acf834b') in 0.021015 seconds
Number of updated asset objects reloaded before import = 0
Number of asset objects unloaded after import = 1
========================================================================
Received Import Request.
  Time since last request: 0.000027 seconds.
  path: Assets/Plugins/Zenject/Source/Util/UnityUtil.cs
  artifactKey: Guid(136cacfad8fe5404aad05dda29a777e4) Importer(2089858483,0ecaa5967403d082aa24f35e1b516d23)
Start importing Assets/Plugins/Zenject/Source/Util/UnityUtil.cs using Guid(136cacfad8fe5404aad05dda29a777e4) Importer(2089858483,0ecaa5967403d082aa24f35e1b516d23) [PhysX] Initialized MultithreadedTaskDispatcher with 20 workers.
 -> (artifact id: 'f6120294c203ee0e83ba1532272be285') in 0.021236 seconds
Number of updated asset objects reloaded before import = 0
Number of asset objects unloaded after import = 1
========================================================================
Received Import Request.
  Time since last request: 0.000029 seconds.
  path: Assets/Plugins/Zenject/Source/Providers/SubContainerDependencyProvider.cs
  artifactKey: Guid(d569147915c61b64f9841ca4948f7d3f) Importer(2089858483,0ecaa5967403d082aa24f35e1b516d23)
Start importing Assets/Plugins/Zenject/Source/Providers/SubContainerDependencyProvider.cs using Guid(d569147915c61b64f9841ca4948f7d3f) Importer(2089858483,0ecaa5967403d082aa24f35e1b516d23) [PhysX] Initialized MultithreadedTaskDispatcher with 20 workers.
 -> (artifact id: '6eee6eb0fbc99b6649704b55f830bc0c') in 0.024083 seconds
Number of updated asset objects reloaded before import = 0
Number of asset objects unloaded after import = 1
========================================================================
Received Import Request.
  Time since last request: 0.000025 seconds.
  path: Assets/Plugins/Zenject/Source/Providers/ScriptableObjectResourceProvider.cs
  artifactKey: Guid(5753f1f4d468e7649b017dee98c6301d) Importer(2089858483,0ecaa5967403d082aa24f35e1b516d23)
Start importing Assets/Plugins/Zenject/Source/Providers/ScriptableObjectResourceProvider.cs using Guid(5753f1f4d468e7649b017dee98c6301d) Importer(2089858483,0ecaa5967403d082aa24f35e1b516d23) [PhysX] Initialized MultithreadedTaskDispatcher with 20 workers.
 -> (artifact id: '893013883f745191af04dad8278dff08') in 0.020241 seconds
Number of updated asset objects reloaded before import = 0
Number of asset objects unloaded after import = 1
========================================================================
Received Import Request.
  Time since last request: 0.000098 seconds.
  path: Assets/Plugins/Zenject/Source/Util/ProfileTimers.cs
  artifactKey: Guid(81cad1ee2d8c20942a68a4228e09ff1d) Importer(2089858483,0ecaa5967403d082aa24f35e1b516d23)
Start importing Assets/Plugins/Zenject/Source/Util/ProfileTimers.cs using Guid(81cad1ee2d8c20942a68a4228e09ff1d) Importer(2089858483,0ecaa5967403d082aa24f35e1b516d23) [PhysX] Initialized MultithreadedTaskDispatcher with 20 workers.
 -> (artifact id: 'ea5b4abfc99153245f9aaeb970fb7af6') in 0.018177 seconds
Number of updated asset objects reloaded before import = 0
Number of asset objects unloaded after import = 1
========================================================================
Received Import Request.
  Time since last request: 0.000076 seconds.
  path: Assets/Plugins/Zenject/Source/Providers/MethodProviderSimple.cs
  artifactKey: Guid(eee2b774c35c53641b09b0c1e9620e03) Importer(2089858483,0ecaa5967403d082aa24f35e1b516d23)
Start importing Assets/Plugins/Zenject/Source/Providers/MethodProviderSimple.cs using Guid(eee2b774c35c53641b09b0c1e9620e03) Importer(2089858483,0ecaa5967403d082aa24f35e1b516d23) [PhysX] Initialized MultithreadedTaskDispatcher with 20 workers.
 -> (artifact id: 'f24cc6c34222c0c14bc754c03302303b') in 0.020283 seconds
Number of updated asset objects reloaded before import = 0
Number of asset objects unloaded after import = 1
========================================================================
Received Import Request.
  Time since last request: 0.000025 seconds.
  path: Assets/Plugins/Zenject/Source/Util/ActionInstaller.cs
  artifactKey: Guid(e182a0b67fa936e40bebc0dc2f28743a) Importer(2089858483,0ecaa5967403d082aa24f35e1b516d23)
Start importing Assets/Plugins/Zenject/Source/Util/ActionInstaller.cs using Guid(e182a0b67fa936e40bebc0dc2f28743a) Importer(2089858483,0ecaa5967403d082aa24f35e1b516d23) [PhysX] Initialized MultithreadedTaskDispatcher with 20 workers.
 -> (artifact id: '96825841f3f9b550348dd685def47fa7') in 0.022169 seconds
Number of updated asset objects reloaded before import = 0
Number of asset objects unloaded after import = 1
========================================================================
Received Import Request.
  Time since last request: 0.000066 seconds.
  path: Assets/Plugins/Zenject/Source/Runtime/InitializableManager.cs
  artifactKey: Guid(8e5838132ef34e14ea93d2e3b30b7140) Importer(2089858483,0ecaa5967403d082aa24f35e1b516d23)
Start importing Assets/Plugins/Zenject/Source/Runtime/InitializableManager.cs using Guid(8e5838132ef34e14ea93d2e3b30b7140) Importer(2089858483,0ecaa5967403d082aa24f35e1b516d23) [PhysX] Initialized MultithreadedTaskDispatcher with 20 workers.
 -> (artifact id: 'bbb5e5375998497ae711873ccfb3db01') in 0.020789 seconds
Number of updated asset objects reloaded before import = 0
Number of asset objects unloaded after import = 1
========================================================================
Received Import Request.
  Time since last request: 0.000038 seconds.
  path: Assets/Plugins/Zenject/Source/Util/CheatSheet.cs
  artifactKey: Guid(1d2fc6db101e75248ab98ad463a99ffa) Importer(2089858483,0ecaa5967403d082aa24f35e1b516d23)
Start importing Assets/Plugins/Zenject/Source/Util/CheatSheet.cs using Guid(1d2fc6db101e75248ab98ad463a99ffa) Importer(2089858483,0ecaa5967403d082aa24f35e1b516d23) [PhysX] Initialized MultithreadedTaskDispatcher with 20 workers.
 -> (artifact id: '3c3979ddcd6f0f344b62bccacd46032c') in 0.028330 seconds
Number of updated asset objects reloaded before import = 0
Number of asset objects unloaded after import = 1
========================================================================
Received Import Request.
  Time since last request: 0.000021 seconds.
  path: Assets/Plugins/Zenject/Source/Providers/ResourceProvider.cs
  artifactKey: Guid(f16c8e5eed02ac8478e8c236c1677db3) Importer(2089858483,0ecaa5967403d082aa24f35e1b516d23)
Start importing Assets/Plugins/Zenject/Source/Providers/ResourceProvider.cs using Guid(f16c8e5eed02ac8478e8c236c1677db3) Importer(2089858483,0ecaa5967403d082aa24f35e1b516d23) [PhysX] Initialized MultithreadedTaskDispatcher with 20 workers.
 -> (artifact id: 'b5cb0d12240694e86732ac7c7896563a') in 0.018105 seconds
Number of updated asset objects reloaded before import = 0
Number of asset objects unloaded after import = 1
========================================================================
Received Import Request.
  Time since last request: 0.000030 seconds.
  path: Assets/Plugins/Zenject/Source/Providers/ScriptableObjectInstanceProvider.cs
  artifactKey: Guid(dd4cee241217b5947b3a223dabefec0a) Importer(2089858483,0ecaa5967403d082aa24f35e1b516d23)
Start importing Assets/Plugins/Zenject/Source/Providers/ScriptableObjectInstanceProvider.cs using Guid(dd4cee241217b5947b3a223dabefec0a) Importer(2089858483,0ecaa5967403d082aa24f35e1b516d23) [PhysX] Initialized MultithreadedTaskDispatcher with 20 workers.
 -> (artifact id: '055fe9865568cdd2d48678c159f20eaa') in 0.019070 seconds
Number of updated asset objects reloaded before import = 0
Number of asset objects unloaded after import = 1
========================================================================
Received Import Request.
  Time since last request: 0.000025 seconds.
  path: Assets/Plugins/Zenject/Source/Install/ScriptableObjectInstallerBase.cs
  artifactKey: Guid(97c39aeade32bd54c8754bc9d6da25ab) Importer(2089858483,0ecaa5967403d082aa24f35e1b516d23)
Start importing Assets/Plugins/Zenject/Source/Install/ScriptableObjectInstallerBase.cs using Guid(97c39aeade32bd54c8754bc9d6da25ab) Importer(2089858483,0ecaa5967403d082aa24f35e1b516d23) [PhysX] Initialized MultithreadedTaskDispatcher with 20 workers.
 -> (artifact id: '9d745da7e37a0a0513ff2451f185489a') in 0.023263 seconds
Number of updated asset objects reloaded before import = 0
Number of asset objects unloaded after import = 1
========================================================================
Received Import Request.
  Time since last request: 0.000075 seconds.
  path: Assets/Plugins/Zenject/Source/Install/MonoInstaller.cs
  artifactKey: Guid(724ff9f6c80e0b044b7db58730dc6075) Importer(2089858483,0ecaa5967403d082aa24f35e1b516d23)
Start importing Assets/Plugins/Zenject/Source/Install/MonoInstaller.cs using Guid(724ff9f6c80e0b044b7db58730dc6075) Importer(2089858483,0ecaa5967403d082aa24f35e1b516d23) [PhysX] Initialized MultithreadedTaskDispatcher with 20 workers.
 -> (artifact id: 'e99af86e0df994702897778ce41dd2b1') in 0.021289 seconds
Number of updated asset objects reloaded before import = 0
Number of asset objects unloaded after import = 1
========================================================================
Received Import Request.
  Time since last request: 0.000123 seconds.
  path: Assets/Plugins/Zenject/Source/Factories/IFactory.cs
  artifactKey: Guid(62c651ad6c58c1140ac224dc6284fa5e) Importer(2089858483,0ecaa5967403d082aa24f35e1b516d23)
Start importing Assets/Plugins/Zenject/Source/Factories/IFactory.cs using Guid(62c651ad6c58c1140ac224dc6284fa5e) Importer(2089858483,0ecaa5967403d082aa24f35e1b516d23) [PhysX] Initialized MultithreadedTaskDispatcher with 20 workers.
 -> (artifact id: 'bdbea2473939133673fd001b9dee4769') in 0.020747 seconds
Number of updated asset objects reloaded before import = 0
Number of asset objects unloaded after import = 1
========================================================================
Received Import Request.
  Time since last request: 0.000023 seconds.
  path: Assets/Plugins/Zenject/Source/Main/DiContainer.cs
  artifactKey: Guid(de4283f91e0232a4897afd2a0af141bc) Importer(2089858483,0ecaa5967403d082aa24f35e1b516d23)
Start importing Assets/Plugins/Zenject/Source/Main/DiContainer.cs using Guid(de4283f91e0232a4897afd2a0af141bc) Importer(2089858483,0ecaa5967403d082aa24f35e1b516d23) [PhysX] Initialized MultithreadedTaskDispatcher with 20 workers.
 -> (artifact id: '124ed2c27bc3e7989ac1a81616e3fbc1') in 0.021994 seconds
Number of updated asset objects reloaded before import = 0
Number of asset objects unloaded after import = 1
========================================================================
Received Import Request.
  Time since last request: 0.000026 seconds.
  path: Assets/TextMesh Pro/Shaders/TMP_SDF-Mobile SSD.shader
  artifactKey: Guid(c8d12adcee749c344b8117cf7c7eb912) Importer(2089858483,0ecaa5967403d082aa24f35e1b516d23)
Start importing Assets/TextMesh Pro/Shaders/TMP_SDF-Mobile SSD.shader using Guid(c8d12adcee749c344b8117cf7c7eb912) Importer(2089858483,0ecaa5967403d082aa24f35e1b516d23) [PhysX] Initialized MultithreadedTaskDispatcher with 20 workers.
 -> (artifact id: '47ca9c3887f09b906b33bd1dde65e38a') in 0.021920 seconds
Number of updated asset objects reloaded before import = 0
Number of asset objects unloaded after import = 1
========================================================================
Received Import Request.
  Time since last request: 0.000057 seconds.
  path: Assets/Prefabs/StartLevel/FixedChain.prefab
  artifactKey: Guid(90c8d743eef657f4a851ef50c4f6d954) Importer(2089858483,0ecaa5967403d082aa24f35e1b516d23)
Start importing Assets/Prefabs/StartLevel/FixedChain.prefab using Guid(90c8d743eef657f4a851ef50c4f6d954) Importer(2089858483,0ecaa5967403d082aa24f35e1b516d23) [PhysX] Initialized MultithreadedTaskDispatcher with 20 workers.
 -> (artifact id: '525c861fbc1c7c7ad31d339e96629724') in 0.027973 seconds
Number of updated asset objects reloaded before import = 0
Number of asset objects unloaded after import = 9
========================================================================
Received Import Request.
  Time since last request: 0.000020 seconds.
  path: Assets/TextMesh Pro/Resources/LineBreaking Following Characters.txt
  artifactKey: Guid(fade42e8bc714b018fac513c043d323b) Importer(2089858483,0ecaa5967403d082aa24f35e1b516d23)
Start importing Assets/TextMesh Pro/Resources/LineBreaking Following Characters.txt using Guid(fade42e8bc714b018fac513c043d323b) Importer(2089858483,0ecaa5967403d082aa24f35e1b516d23) [PhysX] Initialized MultithreadedTaskDispatcher with 20 workers.
 -> (artifact id: 'd2ff4cdb1ca3f53dcb34462256562bd1') in 0.020981 seconds
Number of updated asset objects reloaded before import = 0
Number of asset objects unloaded after import = 1
========================================================================
Received Import Request.
  Time since last request: 0.000021 seconds.
  path: Assets/Models/Tank/Materials/Textures/CTF_Elements/CTF_Elements_Base_Color_Y.png
  artifactKey: Guid(e6a1d361acc137f439bbcc6e7c00294b) Importer(2089858483,0ecaa5967403d082aa24f35e1b516d23)
Start importing Assets/Models/Tank/Materials/Textures/CTF_Elements/CTF_Elements_Base_Color_Y.png using Guid(e6a1d361acc137f439bbcc6e7c00294b) Importer(2089858483,0ecaa5967403d082aa24f35e1b516d23) [PhysX] Initialized MultithreadedTaskDispatcher with 20 workers.
 -> (artifact id: '2beb3e67e9bc9892fbdbfcd2277b231b') in 0.032551 seconds
Number of updated asset objects reloaded before import = 0
Number of asset objects unloaded after import = 1
========================================================================
Received Import Request.
  Time since last request: 0.000064 seconds.
  path: Assets/Models/Tank/Materials/Textures/CTF_TankFree/CTF_TankFree_Base_Color_Y.png
  artifactKey: Guid(7b1baffa1629b6544a703d71528da3a5) Importer(2089858483,0ecaa5967403d082aa24f35e1b516d23)
Start importing Assets/Models/Tank/Materials/Textures/CTF_TankFree/CTF_TankFree_Base_Color_Y.png using Guid(7b1baffa1629b6544a703d71528da3a5) Importer(2089858483,0ecaa5967403d082aa24f35e1b516d23) [PhysX] Initialized MultithreadedTaskDispatcher with 20 workers.
 -> (artifact id: 'd5097bb0e90c4ebacedefed9b183ff98') in 0.029567 seconds
Number of updated asset objects reloaded before import = 0
Number of asset objects unloaded after import = 1
========================================================================
Received Import Request.
  Time since last request: 0.000056 seconds.
  path: Assets/Plugins/Zenject/Source/Binding/Binders/IfNotBoundBinder.cs
  artifactKey: Guid(b9f24b7d14dcf8441a1c2b4166a5ec9c) Importer(2089858483,0ecaa5967403d082aa24f35e1b516d23)
Start importing Assets/Plugins/Zenject/Source/Binding/Binders/IfNotBoundBinder.cs using Guid(b9f24b7d14dcf8441a1c2b4166a5ec9c) Importer(2089858483,0ecaa5967403d082aa24f35e1b516d23) [PhysX] Initialized MultithreadedTaskDispatcher with 20 workers.
 -> (artifact id: '9f6810e4190bae1cc7fbc56127ab7287') in 0.023114 seconds
Number of updated asset objects reloaded before import = 0
Number of asset objects unloaded after import = 1
========================================================================
Received Import Request.
  Time since last request: 0.000041 seconds.
  path: Assets/Plugins/Zenject/Source/Validation/ValidationMarker.cs
  artifactKey: Guid(27e4cef6504bc0243b1893240d22b72d) Importer(2089858483,0ecaa5967403d082aa24f35e1b516d23)
Start importing Assets/Plugins/Zenject/Source/Validation/ValidationMarker.cs using Guid(27e4cef6504bc0243b1893240d22b72d) Importer(2089858483,0ecaa5967403d082aa24f35e1b516d23) [PhysX] Initialized MultithreadedTaskDispatcher with 20 workers.
 -> (artifact id: 'd28c536511ecd37495b01365562b57f7') in 0.020522 seconds
Number of updated asset objects reloaded before import = 0
Number of asset objects unloaded after import = 1
========================================================================
Received Import Request.
  Time since last request: 0.000032 seconds.
  path: Assets/Plugins/Zenject/Source/Binding/Binders/InstantiateCallbackConditionCopyNonLazyBinder.cs
  artifactKey: Guid(0711425cf187dd94ea21d8ed6f38d981) Importer(2089858483,0ecaa5967403d082aa24f35e1b516d23)
Start importing Assets/Plugins/Zenject/Source/Binding/Binders/InstantiateCallbackConditionCopyNonLazyBinder.cs using Guid(0711425cf187dd94ea21d8ed6f38d981) Importer(2089858483,0ecaa5967403d082aa24f35e1b516d23) [PhysX] Initialized MultithreadedTaskDispatcher with 20 workers.
 -> (artifact id: '9e37a1f3d320e2a7dd13213c5253e7b0') in 0.023309 seconds
Number of updated asset objects reloaded before import = 0
Number of asset objects unloaded after import = 1
========================================================================
Received Import Request.
  Time since last request: 0.000087 seconds.
  path: Assets/Plugins/Zenject/Source/Binding/Binders/WithKernelScopeConcreteIdArgConditionCopyNonLazyBinder.cs
  artifactKey: Guid(6447473513963f742b7ab3c02ec633a8) Importer(2089858483,0ecaa5967403d082aa24f35e1b516d23)
Start importing Assets/Plugins/Zenject/Source/Binding/Binders/WithKernelScopeConcreteIdArgConditionCopyNonLazyBinder.cs using Guid(6447473513963f742b7ab3c02ec633a8) Importer(2089858483,0ecaa5967403d082aa24f35e1b516d23) [PhysX] Initialized MultithreadedTaskDispatcher with 20 workers.
 -> (artifact id: '3e4a5fc8f1363949f01792b711d5dda6') in 0.023031 seconds
Number of updated asset objects reloaded before import = 0
Number of asset objects unloaded after import = 1
========================================================================
Received Import Request.
  Time since last request: 0.000130 seconds.
  path: Assets/Plugins/Zenject/Source/Binding/Binders/NonLazyBinder.cs
  artifactKey: Guid(58c27840cbeb2fa4695b09d536809bb2) Importer(2089858483,0ecaa5967403d082aa24f35e1b516d23)
Start importing Assets/Plugins/Zenject/Source/Binding/Binders/NonLazyBinder.cs using Guid(58c27840cbeb2fa4695b09d536809bb2) Importer(2089858483,0ecaa5967403d082aa24f35e1b516d23) [PhysX] Initialized MultithreadedTaskDispatcher with 20 workers.
 -> (artifact id: 'ce179dc1c8cbf7483e661b2dac3a61bc') in 0.018765 seconds
Number of updated asset objects reloaded before import = 0
Number of asset objects unloaded after import = 1
========================================================================
Received Import Request.
  Time since last request: 0.000163 seconds.
  path: Assets/Plugins/Zenject/Source/Binding/Binders/IdBinder.cs
  artifactKey: Guid(371e1c0b9a8ff664f993cbe2a547eeae) Importer(2089858483,0ecaa5967403d082aa24f35e1b516d23)
Start importing Assets/Plugins/Zenject/Source/Binding/Binders/IdBinder.cs using Guid(371e1c0b9a8ff664f993cbe2a547eeae) Importer(2089858483,0ecaa5967403d082aa24f35e1b516d23) [PhysX] Initialized MultithreadedTaskDispatcher with 20 workers.
 -> (artifact id: '18d068c67bb92061fbc3be96893f8609') in 0.019828 seconds
Number of updated asset objects reloaded before import = 0
Number of asset objects unloaded after import = 1
========================================================================
Received Import Request.
  Time since last request: 0.000145 seconds.
  path: Assets/Plugins/Zenject/Source/Validation/IValidatable.cs
  artifactKey: Guid(5d2a7156fffca9b439f7734d94ccf336) Importer(2089858483,0ecaa5967403d082aa24f35e1b516d23)
Start importing Assets/Plugins/Zenject/Source/Validation/IValidatable.cs using Guid(5d2a7156fffca9b439f7734d94ccf336) Importer(2089858483,0ecaa5967403d082aa24f35e1b516d23) [PhysX] Initialized MultithreadedTaskDispatcher with 20 workers.
 -> (artifact id: 'dfad850ea1d76150f1312d87e2a3ba91') in 0.022340 seconds
Number of updated asset objects reloaded before import = 0
Number of asset objects unloaded after import = 1
========================================================================
Received Import Request.
  Time since last request: 0.000176 seconds.
  path: Assets/Plugins/Zenject/Source/Binding/Binders/SubContainerBinder.cs
  artifactKey: Guid(4d1fcd1593b05194a82073206057613e) Importer(2089858483,0ecaa5967403d082aa24f35e1b516d23)
Start importing Assets/Plugins/Zenject/Source/Binding/Binders/SubContainerBinder.cs using Guid(4d1fcd1593b05194a82073206057613e) Importer(2089858483,0ecaa5967403d082aa24f35e1b516d23) [PhysX] Initialized MultithreadedTaskDispatcher with 20 workers.
 -> (artifact id: '1e0e32120a89dca0954d34c6aaaa0168') in 0.021070 seconds
Number of updated asset objects reloaded before import = 0
Number of asset objects unloaded after import = 1
========================================================================
Received Import Request.
  Time since last request: 0.000023 seconds.
  path: Assets/Plugins/Zenject/Source/Binding/Finalizers/SubContainerBindingFinalizer.cs
  artifactKey: Guid(b263fb784fd4b8140b850ff4d68c7aad) Importer(2089858483,0ecaa5967403d082aa24f35e1b516d23)
Start importing Assets/Plugins/Zenject/Source/Binding/Finalizers/SubContainerBindingFinalizer.cs using Guid(b263fb784fd4b8140b850ff4d68c7aad) Importer(2089858483,0ecaa5967403d082aa24f35e1b516d23) [PhysX] Initialized MultithreadedTaskDispatcher with 20 workers.
 -> (artifact id: '962538a80d8d25328755cb09d693bc20') in 0.019506 seconds
Number of updated asset objects reloaded before import = 0
Number of asset objects unloaded after import = 1
========================================================================
Received Import Request.
  Time since last request: 0.000110 seconds.
  path: Assets/Models/Tank/Materials/Textures/CTF_TankFree/CTF_TankFree_Mixed_AO.png
  artifactKey: Guid(aadde63c6542096468c3b75255690cc0) Importer(2089858483,0ecaa5967403d082aa24f35e1b516d23)
Start importing Assets/Models/Tank/Materials/Textures/CTF_TankFree/CTF_TankFree_Mixed_AO.png using Guid(aadde63c6542096468c3b75255690cc0) Importer(2089858483,0ecaa5967403d082aa24f35e1b516d23) [PhysX] Initialized MultithreadedTaskDispatcher with 20 workers.
 -> (artifact id: '8e35c98fa93f75695618b09a803d4b14') in 0.027619 seconds
Number of updated asset objects reloaded before import = 0
Number of asset objects unloaded after import = 1
========================================================================
Received Import Request.
  Time since last request: 0.000089 seconds.
  path: Assets/Plugins/Zenject/Source/Binding/Finalizers/PrefabResourceBindingFinalizer.cs
  artifactKey: Guid(b851ccfb909f66c4587d694f6e37b279) Importer(2089858483,0ecaa5967403d082aa24f35e1b516d23)
Start importing Assets/Plugins/Zenject/Source/Binding/Finalizers/PrefabResourceBindingFinalizer.cs using Guid(b851ccfb909f66c4587d694f6e37b279) Importer(2089858483,0ecaa5967403d082aa24f35e1b516d23) [PhysX] Initialized MultithreadedTaskDispatcher with 20 workers.
 -> (artifact id: 'f7227ad91a6c8f03e494ab5f1e12eb00') in 0.020377 seconds
Number of updated asset objects reloaded before import = 0
Number of asset objects unloaded after import = 1
========================================================================
Received Import Request.
  Time since last request: 0.000025 seconds.
  path: Assets/Plugins/Zenject/Source/Binding/Binders/ConditionCopyNonLazyBinder.cs
  artifactKey: Guid(a638543bf618ed94fb418f48d9ea9329) Importer(2089858483,0ecaa5967403d082aa24f35e1b516d23)
Start importing Assets/Plugins/Zenject/Source/Binding/Binders/ConditionCopyNonLazyBinder.cs using Guid(a638543bf618ed94fb418f48d9ea9329) Importer(2089858483,0ecaa5967403d082aa24f35e1b516d23) [PhysX] Initialized MultithreadedTaskDispatcher with 20 workers.
 -> (artifact id: '80f4672ce471014d4c3df23481675048') in 0.020887 seconds
Number of updated asset objects reloaded before import = 0
Number of asset objects unloaded after import = 1
========================================================================
Received Import Request.
  Time since last request: 0.000020 seconds.
  path: Assets/Plugins/Zenject/Source/Binding/Finalizers/SubContainerPrefabBindingFinalizer.cs
  artifactKey: Guid(da4cb0f689a9b074aa3d2f2da8b38015) Importer(2089858483,0ecaa5967403d082aa24f35e1b516d23)
Start importing Assets/Plugins/Zenject/Source/Binding/Finalizers/SubContainerPrefabBindingFinalizer.cs using Guid(da4cb0f689a9b074aa3d2f2da8b38015) Importer(2089858483,0ecaa5967403d082aa24f35e1b516d23) [PhysX] Initialized MultithreadedTaskDispatcher with 20 workers.
 -> (artifact id: 'f3ff7779733072fdf0f5c04c4e94193f') in 0.021608 seconds
Number of updated asset objects reloaded before import = 0
Number of asset objects unloaded after import = 1
========================================================================
Received Import Request.
  Time since last request: 0.000058 seconds.
  path: Assets/Plugins/Zenject/Source/Binding/Binders/DefaultParentScopeConcreteIdArgConditionCopyNonLazyBinder.cs
  artifactKey: Guid(f6b4e164706b85c408cd7e8f28266747) Importer(2089858483,0ecaa5967403d082aa24f35e1b516d23)
Start importing Assets/Plugins/Zenject/Source/Binding/Binders/DefaultParentScopeConcreteIdArgConditionCopyNonLazyBinder.cs using Guid(f6b4e164706b85c408cd7e8f28266747) Importer(2089858483,0ecaa5967403d082aa24f35e1b516d23) [PhysX] Initialized MultithreadedTaskDispatcher with 20 workers.
 -> (artifact id: 'e7b816b646f6432630c1d92587ff0759') in 0.024364 seconds
Number of updated asset objects reloaded before import = 0
Number of asset objects unloaded after import = 1
========================================================================
Received Import Request.
  Time since last request: 0.000069 seconds.
  path: Assets/Plugins/Zenject/Source/Editor/Editors/ContextEditor.cs
  artifactKey: Guid(23155ecdf203bf24480fd49763b73677) Importer(2089858483,0ecaa5967403d082aa24f35e1b516d23)
Start importing Assets/Plugins/Zenject/Source/Editor/Editors/ContextEditor.cs using Guid(23155ecdf203bf24480fd49763b73677) Importer(2089858483,0ecaa5967403d082aa24f35e1b516d23) [PhysX] Initialized MultithreadedTaskDispatcher with 20 workers.
 -> (artifact id: '8c3175a6cb8698fb67ae068a8ee8fdb2') in 0.023662 seconds
Number of updated asset objects reloaded before import = 0
Number of asset objects unloaded after import = 1
========================================================================
Received Import Request.
  Time since last request: 0.000064 seconds.
  path: Assets/Plugins/Zenject/Source/Binding/Finalizers/IBindingFinalizer.cs
  artifactKey: Guid(d0c24b30b6678884db62f15947ec943c) Importer(2089858483,0ecaa5967403d082aa24f35e1b516d23)
Start importing Assets/Plugins/Zenject/Source/Binding/Finalizers/IBindingFinalizer.cs using Guid(d0c24b30b6678884db62f15947ec943c) Importer(2089858483,0ecaa5967403d082aa24f35e1b516d23) [PhysX] Initialized MultithreadedTaskDispatcher with 20 workers.
 -> (artifact id: 'd10608fc8152dc9de7c5baff99296043') in 0.020122 seconds
Number of updated asset objects reloaded before import = 0
Number of asset objects unloaded after import = 1
========================================================================
Received Import Request.
  Time since last request: 0.000029 seconds.
  path: Assets/Plugins/Zenject/Source/Editor/Editors/SceneContextEditor.cs
  artifactKey: Guid(c04ae1d59f53f514f96e284ba43122f7) Importer(2089858483,0ecaa5967403d082aa24f35e1b516d23)
Start importing Assets/Plugins/Zenject/Source/Editor/Editors/SceneContextEditor.cs using Guid(c04ae1d59f53f514f96e284ba43122f7) Importer(2089858483,0ecaa5967403d082aa24f35e1b516d23) [PhysX] Initialized MultithreadedTaskDispatcher with 20 workers.
 -> (artifact id: '4558c6d2e9f59ff6ecc3df53c79b09c7') in 0.023003 seconds
Number of updated asset objects reloaded before import = 0
Number of asset objects unloaded after import = 1
========================================================================
Received Import Request.
  Time since last request: 0.000032 seconds.
  path: Assets/Plugins/Zenject/Source/Binding/Finalizers/NullBindingFinalizer.cs
  artifactKey: Guid(6b41a20eb0faa1041bf6aa0bfcc76064) Importer(2089858483,0ecaa5967403d082aa24f35e1b516d23)
Start importing Assets/Plugins/Zenject/Source/Binding/Finalizers/NullBindingFinalizer.cs using Guid(6b41a20eb0faa1041bf6aa0bfcc76064) Importer(2089858483,0ecaa5967403d082aa24f35e1b516d23) [PhysX] Initialized MultithreadedTaskDispatcher with 20 workers.
 -> (artifact id: '6ef1eb1bcf48c0305240354808cdd6df') in 0.026267 seconds
Number of updated asset objects reloaded before import = 0
Number of asset objects unloaded after import = 1
========================================================================
Received Import Request.
  Time since last request: 0.000034 seconds.
  path: Assets/Plugins/Zenject/Source/Binding/Finalizers/ScopableBindingFinalizer.cs
  artifactKey: Guid(d2392181aaeca434cb15e2719d7567d6) Importer(2089858483,0ecaa5967403d082aa24f35e1b516d23)
Start importing Assets/Plugins/Zenject/Source/Binding/Finalizers/ScopableBindingFinalizer.cs using Guid(d2392181aaeca434cb15e2719d7567d6) Importer(2089858483,0ecaa5967403d082aa24f35e1b516d23) [PhysX] Initialized MultithreadedTaskDispatcher with 20 workers.
 -> (artifact id: '57ba0f8de0e2f1f098f38bba1aa1cff9') in 0.023613 seconds
Number of updated asset objects reloaded before import = 0
Number of asset objects unloaded after import = 1
========================================================================
Received Import Request.
  Time since last request: 0.000061 seconds.
  path: Assets/Plugins/Zenject/Source/Factories/Pooling/PoolFactory.cs
  artifactKey: Guid(125bde4ab63a4984484c450640ee1702) Importer(2089858483,0ecaa5967403d082aa24f35e1b516d23)
Start importing Assets/Plugins/Zenject/Source/Factories/Pooling/PoolFactory.cs using Guid(125bde4ab63a4984484c450640ee1702) Importer(2089858483,0ecaa5967403d082aa24f35e1b516d23) [PhysX] Initialized MultithreadedTaskDispatcher with 20 workers.
 -> (artifact id: 'abba3061c1b04bc6e14dbf53a71359d2') in 0.023864 seconds
Number of updated asset objects reloaded before import = 0
Number of asset objects unloaded after import = 1
========================================================================
Received Import Request.
  Time since last request: 0.000035 seconds.
  path: Assets/Plugins/Zenject/Source/Factories/Pooling/MemoryPoolBase.cs
  artifactKey: Guid(ba9d727a5d866fb46a576ab76012b727) Importer(2089858483,0ecaa5967403d082aa24f35e1b516d23)
Start importing Assets/Plugins/Zenject/Source/Factories/Pooling/MemoryPoolBase.cs using Guid(ba9d727a5d866fb46a576ab76012b727) Importer(2089858483,0ecaa5967403d082aa24f35e1b516d23) [PhysX] Initialized MultithreadedTaskDispatcher with 20 workers.
 -> (artifact id: 'b498de368036fb43fab499f41e1a6412') in 0.022789 seconds
Number of updated asset objects reloaded before import = 0
Number of asset objects unloaded after import = 1
========================================================================
Received Import Request.
  Time since last request: 0.000029 seconds.
  path: Assets/Plugins/Zenject/Source/Factories/Pooling/MonoMemoryPool.cs
  artifactKey: Guid(1334aecb808e6c145a993cb441f43bdb) Importer(2089858483,0ecaa5967403d082aa24f35e1b516d23)
Start importing Assets/Plugins/Zenject/Source/Factories/Pooling/MonoMemoryPool.cs using Guid(1334aecb808e6c145a993cb441f43bdb) Importer(2089858483,0ecaa5967403d082aa24f35e1b516d23) [PhysX] Initialized MultithreadedTaskDispatcher with 20 workers.
 -> (artifact id: 'eb6976f08ee1f4511ff282a6e4a968dc') in 0.022870 seconds
Number of updated asset objects reloaded before import = 0
Number of asset objects unloaded after import = 1
========================================================================
Received Import Request.
  Time since last request: 0.000139 seconds.
  path: Assets/Plugins/Zenject/Source/Providers/SubContainerCreators/SubContainerCreatorByInstanceGetter.cs
  artifactKey: Guid(164cf97cfe8f32441beb85b9b3c05868) Importer(2089858483,0ecaa5967403d082aa24f35e1b516d23)
Start importing Assets/Plugins/Zenject/Source/Providers/SubContainerCreators/SubContainerCreatorByInstanceGetter.cs using Guid(164cf97cfe8f32441beb85b9b3c05868) Importer(2089858483,0ecaa5967403d082aa24f35e1b516d23) [PhysX] Initialized MultithreadedTaskDispatcher with 20 workers.
 -> (artifact id: '4d7684ca7a3334060569ad13c405dc3e') in 0.024573 seconds
Number of updated asset objects reloaded before import = 0
Number of asset objects unloaded after import = 1
========================================================================
Received Import Request.
  Time since last request: 0.000029 seconds.
  path: Assets/Plugins/Zenject/Source/Providers/Decorator/DecoratorProvider.cs
  artifactKey: Guid(7a9aaabef2c47874a8b557ade27987eb) Importer(2089858483,0ecaa5967403d082aa24f35e1b516d23)
Start importing Assets/Plugins/Zenject/Source/Providers/Decorator/DecoratorProvider.cs using Guid(7a9aaabef2c47874a8b557ade27987eb) Importer(2089858483,0ecaa5967403d082aa24f35e1b516d23) [PhysX] Initialized MultithreadedTaskDispatcher with 20 workers.
 -> (artifact id: '00f5c1811b398d8a62238210629552e8') in 0.022741 seconds
Number of updated asset objects reloaded before import = 0
Number of asset objects unloaded after import = 1
========================================================================
Received Import Request.
  Time since last request: 0.000039 seconds.
  path: Assets/Plugins/Zenject/Source/Install/Contexts/RunnableContext.cs
  artifactKey: Guid(13e9b26d23f6422cb282cc27631fc9e2) Importer(2089858483,0ecaa5967403d082aa24f35e1b516d23)
Start importing Assets/Plugins/Zenject/Source/Install/Contexts/RunnableContext.cs using Guid(13e9b26d23f6422cb282cc27631fc9e2) Importer(2089858483,0ecaa5967403d082aa24f35e1b516d23) [PhysX] Initialized MultithreadedTaskDispatcher with 20 workers.
 -> (artifact id: 'ad35432be70ef56b671ca31ece812c7d') in 0.025023 seconds
Number of updated asset objects reloaded before import = 0
Number of asset objects unloaded after import = 1
========================================================================
Received Import Request.
  Time since last request: 0.000026 seconds.
  path: Assets/Plugins/Zenject/Source/Install/Contexts/SceneDecoratorContext.cs
  artifactKey: Guid(ed7323e8fdd8c26438c6485f2060dad0) Importer(2089858483,0ecaa5967403d082aa24f35e1b516d23)
Start importing Assets/Plugins/Zenject/Source/Install/Contexts/SceneDecoratorContext.cs using Guid(ed7323e8fdd8c26438c6485f2060dad0) Importer(2089858483,0ecaa5967403d082aa24f35e1b516d23) [PhysX] Initialized MultithreadedTaskDispatcher with 20 workers.
 -> (artifact id: '8d748ec57edaa6809058efff10609131') in 0.024254 seconds
Number of updated asset objects reloaded before import = 0
Number of asset objects unloaded after import = 1
========================================================================
Received Import Request.
  Time since last request: 0.000024 seconds.
  path: Assets/Plugins/Zenject/Source/Install/Contexts/GameObjectContext.cs
  artifactKey: Guid(08eca9f7688a0a24685b89133b020c8e) Importer(2089858483,0ecaa5967403d082aa24f35e1b516d23)
Start importing Assets/Plugins/Zenject/Source/Install/Contexts/GameObjectContext.cs using Guid(08eca9f7688a0a24685b89133b020c8e) Importer(2089858483,0ecaa5967403d082aa24f35e1b516d23) [PhysX] Initialized MultithreadedTaskDispatcher with 20 workers.
 -> (artifact id: 'fe8bd0e6c6d081972c8d5669d60c3cb4') in 0.019521 seconds
Number of updated asset objects reloaded before import = 0
Number of asset objects unloaded after import = 1
========================================================================
Received Import Request.
  Time since last request: 0.000051 seconds.
  path: Assets/Plugins/Zenject/Source/Factories/Pooling/MemoryPool.cs
  artifactKey: Guid(305d88c8b2af3f2479cb45ffb6f2923c) Importer(2089858483,0ecaa5967403d082aa24f35e1b516d23)
Start importing Assets/Plugins/Zenject/Source/Factories/Pooling/MemoryPool.cs using Guid(305d88c8b2af3f2479cb45ffb6f2923c) Importer(2089858483,0ecaa5967403d082aa24f35e1b516d23) [PhysX] Initialized MultithreadedTaskDispatcher with 20 workers.
 -> (artifact id: 'f2c5984224a45cb8ac7e73b0bcf58ef2') in 0.020412 seconds
Number of updated asset objects reloaded before import = 0
Number of asset objects unloaded after import = 1
========================================================================
Received Import Request.
  Time since last request: 0.000084 seconds.
  path: Assets/Plugins/Zenject/Source/Providers/PrefabProviders/PrefabProviderResource.cs
  artifactKey: Guid(6fa6b8670ec5932489c4102d45d987ff) Importer(2089858483,0ecaa5967403d082aa24f35e1b516d23)
Start importing Assets/Plugins/Zenject/Source/Providers/PrefabProviders/PrefabProviderResource.cs using Guid(6fa6b8670ec5932489c4102d45d987ff) Importer(2089858483,0ecaa5967403d082aa24f35e1b516d23) [PhysX] Initialized MultithreadedTaskDispatcher with 20 workers.
 -> (artifact id: 'd185ba2f474cfdd8a0a08997b05f3b13') in 0.020448 seconds
Number of updated asset objects reloaded before import = 0
Number of asset objects unloaded after import = 1
========================================================================
Received Import Request.
  Time since last request: 0.000027 seconds.
  path: Assets/Plugins/Zenject/Source/Factories/Pooling/PoolableMemoryPool.cs
  artifactKey: Guid(7fa0c435e1800a048ac5f7c53e03472d) Importer(2089858483,0ecaa5967403d082aa24f35e1b516d23)
Start importing Assets/Plugins/Zenject/Source/Factories/Pooling/PoolableMemoryPool.cs using Guid(7fa0c435e1800a048ac5f7c53e03472d) Importer(2089858483,0ecaa5967403d082aa24f35e1b516d23) [PhysX] Initialized MultithreadedTaskDispatcher with 20 workers.
 -> (artifact id: 'dc5d12b51d73905fb503515df27ecb3f') in 0.021917 seconds
Number of updated asset objects reloaded before import = 0
Number of asset objects unloaded after import = 1
========================================================================
Received Import Request.
  Time since last request: 0.000021 seconds.
  path: Assets/Plugins/Zenject/Source/Install/Contexts/Context.cs
  artifactKey: Guid(be0cf56827265f44bbdeba09329d66ab) Importer(2089858483,0ecaa5967403d082aa24f35e1b516d23)
Start importing Assets/Plugins/Zenject/Source/Install/Contexts/Context.cs using Guid(be0cf56827265f44bbdeba09329d66ab) Importer(2089858483,0ecaa5967403d082aa24f35e1b516d23) [PhysX] Initialized MultithreadedTaskDispatcher with 20 workers.
 -> (artifact id: '3e47c48ec2b5e999e2ae5d837d2fb736') in 0.020693 seconds
Number of updated asset objects reloaded before import = 0
Number of asset objects unloaded after import = 1
========================================================================
Received Import Request.
  Time since last request: 0.000102 seconds.
  path: Assets/Scripts/Interface/CarnageIndicator.cs
  artifactKey: Guid(6930ba43920b41cea64622273a54e788) Importer(2089858483,0ecaa5967403d082aa24f35e1b516d23)
Start importing Assets/Scripts/Interface/CarnageIndicator.cs using Guid(6930ba43920b41cea64622273a54e788) Importer(2089858483,0ecaa5967403d082aa24f35e1b516d23) [PhysX] Initialized MultithreadedTaskDispatcher with 20 workers.
 -> (artifact id: '3dddd531d0c233dc4a654bd1f3936e74') in 0.018711 seconds
Number of updated asset objects reloaded before import = 0
Number of asset objects unloaded after import = 1
========================================================================
Received Import Request.
  Time since last request: 0.000173 seconds.
  path: Assets/TextMesh Pro/Resources/Fonts & Materials/LiberationSans SDF.asset
  artifactKey: Guid(8f586378b4e144a9851e7b34d9b748ee) Importer(2089858483,0ecaa5967403d082aa24f35e1b516d23)
Start importing Assets/TextMesh Pro/Resources/Fonts & Materials/LiberationSans SDF.asset using Guid(8f586378b4e144a9851e7b34d9b748ee) Importer(2089858483,0ecaa5967403d082aa24f35e1b516d23) [PhysX] Initialized MultithreadedTaskDispatcher with 20 workers.
 -> (artifact id: 'd84b2575a85a71744dbcba6914d97f84') in 0.070453 seconds
Number of updated asset objects reloaded before import = 0
Number of asset objects unloaded after import = 8
========================================================================
Received Import Request.
  Time since last request: 0.000028 seconds.
  path: Assets/Plugins/Zenject/Source/Providers/IProvider.cs
  artifactKey: Guid(438b6366f2f1221448e9a71e09ac0329) Importer(2089858483,0ecaa5967403d082aa24f35e1b516d23)
Start importing Assets/Plugins/Zenject/Source/Providers/IProvider.cs using Guid(438b6366f2f1221448e9a71e09ac0329) Importer(2089858483,0ecaa5967403d082aa24f35e1b516d23) [PhysX] Initialized MultithreadedTaskDispatcher with 20 workers.
 -> (artifact id: 'b1dd413a6aeccedb9a0156fc6393d9da') in 0.022801 seconds
Number of updated asset objects reloaded before import = 0
Number of asset objects unloaded after import = 1
========================================================================
Received Import Request.
  Time since last request: 0.000049 seconds.
  path: Assets/Models/Track/Materials/NavyGrid.mat
  artifactKey: Guid(297e3a11e7d07fc48b4f71056b4f927f) Importer(2089858483,0ecaa5967403d082aa24f35e1b516d23)
Start importing Assets/Models/Track/Materials/NavyGrid.mat using Guid(297e3a11e7d07fc48b4f71056b4f927f) Importer(2089858483,0ecaa5967403d082aa24f35e1b516d23) [PhysX] Initialized MultithreadedTaskDispatcher with 20 workers.
 -> (artifact id: '9ead6955aaa2fe76e6197a7ff65f96f6') in 0.021037 seconds
Number of updated asset objects reloaded before import = 0
Number of asset objects unloaded after import = 3
========================================================================
Received Import Request.
  Time since last request: 0.000023 seconds.
  path: Assets/Settings/Transmission.asset
  artifactKey: Guid(16d005c14909ac146bdf11a8460257e3) Importer(2089858483,0ecaa5967403d082aa24f35e1b516d23)
Start importing Assets/Settings/Transmission.asset using Guid(16d005c14909ac146bdf11a8460257e3) Importer(2089858483,0ecaa5967403d082aa24f35e1b516d23) [PhysX] Initialized MultithreadedTaskDispatcher with 20 workers.
 -> (artifact id: '9b5b7cf5f6c689cf047647509e0a45f7') in 0.042425 seconds
Number of updated asset objects reloaded before import = 0
Number of asset objects unloaded after import = 1
========================================================================
Received Import Request.
  Time since last request: 0.000037 seconds.
  path: Assets/Plugins/Zenject/Source/Main/BindingId.cs
  artifactKey: Guid(05e8238358230bf4e9cbb692280d28f1) Importer(2089858483,0ecaa5967403d082aa24f35e1b516d23)
Start importing Assets/Plugins/Zenject/Source/Main/BindingId.cs using Guid(05e8238358230bf4e9cbb692280d28f1) Importer(2089858483,0ecaa5967403d082aa24f35e1b516d23) [PhysX] Initialized MultithreadedTaskDispatcher with 20 workers.
 -> (artifact id: '2afd96960ee056b74ff8ddc44402b257') in 0.021589 seconds
Number of updated asset objects reloaded before import = 0
Number of asset objects unloaded after import = 1
========================================================================
Received Import Request.
  Time since last request: 0.000092 seconds.
  path: Assets/Plugins/Zenject/Source/Factories/PlaceholderFactory.cs
  artifactKey: Guid(665a56f53857092408155478e576cfd0) Importer(2089858483,0ecaa5967403d082aa24f35e1b516d23)
Start importing Assets/Plugins/Zenject/Source/Factories/PlaceholderFactory.cs using Guid(665a56f53857092408155478e576cfd0) Importer(2089858483,0ecaa5967403d082aa24f35e1b516d23) [PhysX] Initialized MultithreadedTaskDispatcher with 20 workers.
 -> (artifact id: '669f013dffbf4abdea6efcc2dddd041d') in 0.021380 seconds
Number of updated asset objects reloaded before import = 0
Number of asset objects unloaded after import = 1
========================================================================
Received Import Request.
  Time since last request: 0.000091 seconds.
  path: Assets/Plugins/Zenject/Source/Runtime/Kernels/SceneKernel.cs
  artifactKey: Guid(aff38aaefd39d0d41a92c2707718d15c) Importer(2089858483,0ecaa5967403d082aa24f35e1b516d23)
Start importing Assets/Plugins/Zenject/Source/Runtime/Kernels/SceneKernel.cs using Guid(aff38aaefd39d0d41a92c2707718d15c) Importer(2089858483,0ecaa5967403d082aa24f35e1b516d23) [PhysX] Initialized MultithreadedTaskDispatcher with 20 workers.
 -> (artifact id: '09c1d9b550a393c1020da03defee9adb') in 0.023266 seconds
Number of updated asset objects reloaded before import = 0
Number of asset objects unloaded after import = 1
========================================================================
Received Import Request.
  Time since last request: 0.000116 seconds.
  path: Assets/Plugins/Zenject/Source/Factories/Pooling/Static/StaticMemoryPool.cs
  artifactKey: Guid(56b2eb81b3385fd47a0500abeac7b60e) Importer(2089858483,0ecaa5967403d082aa24f35e1b516d23)
Start importing Assets/Plugins/Zenject/Source/Factories/Pooling/Static/StaticMemoryPool.cs using Guid(56b2eb81b3385fd47a0500abeac7b60e) Importer(2089858483,0ecaa5967403d082aa24f35e1b516d23) [PhysX] Initialized MultithreadedTaskDispatcher with 20 workers.
 -> (artifact id: '23e1f79b91d8311c80198bc735ad85dd') in 0.020267 seconds
Number of updated asset objects reloaded before import = 0
Number of asset objects unloaded after import = 1
========================================================================
Received Import Request.
  Time since last request: 0.000025 seconds.
  path: Assets/Plugins/Zenject/Source/Binding/Binders/ConcreteBinders/ConcreteIdBinderNonGeneric.cs
  artifactKey: Guid(1251d518904c9574897614d756f76756) Importer(2089858483,0ecaa5967403d082aa24f35e1b516d23)
Start importing Assets/Plugins/Zenject/Source/Binding/Binders/ConcreteBinders/ConcreteIdBinderNonGeneric.cs using Guid(1251d518904c9574897614d756f76756) Importer(2089858483,0ecaa5967403d082aa24f35e1b516d23) [PhysX] Initialized MultithreadedTaskDispatcher with 20 workers.
 -> (artifact id: 'efb30f1c3b83b1e40254358596cbf1b9') in 0.025139 seconds
Number of updated asset objects reloaded before import = 0
Number of asset objects unloaded after import = 1
========================================================================
Received Import Request.
  Time since last request: 0.000133 seconds.
  path: Assets/Plugins/Zenject/Source/Providers/ComponentProviders/AddToGameObjectComponentProviders/AddToGameObjectComponentProviderBase.cs
  artifactKey: Guid(d818f8110e5b31d4eb27001e5c5b3eb9) Importer(2089858483,0ecaa5967403d082aa24f35e1b516d23)
Start importing Assets/Plugins/Zenject/Source/Providers/ComponentProviders/AddToGameObjectComponentProviders/AddToGameObjectComponentProviderBase.cs using Guid(d818f8110e5b31d4eb27001e5c5b3eb9) Importer(2089858483,0ecaa5967403d082aa24f35e1b516d23) [PhysX] Initialized MultithreadedTaskDispatcher with 20 workers.
 -> (artifact id: '235fc6dddce714fd4e2065d7162c6824') in 0.020738 seconds
Number of updated asset objects reloaded before import = 0
Number of asset objects unloaded after import = 1
========================================================================
Received Import Request.
  Time since last request: 0.000023 seconds.
  path: Assets/Plugins/Zenject/Source/Binding/Binders/GameObject/TransformScopeConcreteIdArgConditionCopyNonLazyBinder.cs
  artifactKey: Guid(d6441d2557329b14b8a80a6d3c490e9b) Importer(2089858483,0ecaa5967403d082aa24f35e1b516d23)
Start importing Assets/Plugins/Zenject/Source/Binding/Binders/GameObject/TransformScopeConcreteIdArgConditionCopyNonLazyBinder.cs using Guid(d6441d2557329b14b8a80a6d3c490e9b) Importer(2089858483,0ecaa5967403d082aa24f35e1b516d23) [PhysX] Initialized MultithreadedTaskDispatcher with 20 workers.
 -> (artifact id: '9c5346233250765fae36c8f3d0ebfd91') in 0.024182 seconds
Number of updated asset objects reloaded before import = 0
Number of asset objects unloaded after import = 1
========================================================================
Received Import Request.
  Time since last request: 0.000024 seconds.
  path: Assets/Plugins/Zenject/Source/Binding/Binders/Factory/PlaceholderFactoryBindingFinalizer.cs
  artifactKey: Guid(2a3880a3063c56747b32995b66a8a1ca) Importer(2089858483,0ecaa5967403d082aa24f35e1b516d23)
Start importing Assets/Plugins/Zenject/Source/Binding/Binders/Factory/PlaceholderFactoryBindingFinalizer.cs using Guid(2a3880a3063c56747b32995b66a8a1ca) Importer(2089858483,0ecaa5967403d082aa24f35e1b516d23) [PhysX] Initialized MultithreadedTaskDispatcher with 20 workers.
 -> (artifact id: '07236b1216fc61cbb4f4c50094588403') in 0.020778 seconds
Number of updated asset objects reloaded before import = 0
Number of asset objects unloaded after import = 1
========================================================================
Received Import Request.
  Time since last request: 0.000090 seconds.
  path: Assets/Plugins/Zenject/Source/Runtime/Kernels/ProjectKernel.cs
  artifactKey: Guid(374b2cd725ea28a46a6377959bb73c9c) Importer(2089858483,0ecaa5967403d082aa24f35e1b516d23)
Start importing Assets/Plugins/Zenject/Source/Runtime/Kernels/ProjectKernel.cs using Guid(374b2cd725ea28a46a6377959bb73c9c) Importer(2089858483,0ecaa5967403d082aa24f35e1b516d23) [PhysX] Initialized MultithreadedTaskDispatcher with 20 workers.
 -> (artifact id: '0f3a3ee863530f27a95901c274beb09f') in 0.019899 seconds
Number of updated asset objects reloaded before import = 0
Number of asset objects unloaded after import = 1
========================================================================
Received Import Request.
  Time since last request: 0.000023 seconds.
  path: Assets/Plugins/Zenject/Source/Binding/Binders/Conventions/ConventionSelectTypesBinder.cs
  artifactKey: Guid(05d17b3e7f09bc44f8be86e01642ee8d) Importer(2089858483,0ecaa5967403d082aa24f35e1b516d23)
Start importing Assets/Plugins/Zenject/Source/Binding/Binders/Conventions/ConventionSelectTypesBinder.cs using Guid(05d17b3e7f09bc44f8be86e01642ee8d) Importer(2089858483,0ecaa5967403d082aa24f35e1b516d23) [PhysX] Initialized MultithreadedTaskDispatcher with 20 workers.
 -> (artifact id: 'd220a69b91420dd89ed995fec0a7a013') in 0.022426 seconds
Number of updated asset objects reloaded before import = 0
Number of asset objects unloaded after import = 1
========================================================================
Received Import Request.
  Time since last request: 0.000065 seconds.
  path: Assets/Plugins/Zenject/Source/Binding/Binders/ConcreteBinders/ConcreteBinderGeneric.cs
  artifactKey: Guid(62ec581e8d820a74797d1dabf19d85c3) Importer(2089858483,0ecaa5967403d082aa24f35e1b516d23)
Start importing Assets/Plugins/Zenject/Source/Binding/Binders/ConcreteBinders/ConcreteBinderGeneric.cs using Guid(62ec581e8d820a74797d1dabf19d85c3) Importer(2089858483,0ecaa5967403d082aa24f35e1b516d23) [PhysX] Initialized MultithreadedTaskDispatcher with 20 workers.
 -> (artifact id: '5a693fe45549e242163408c90c495f14') in 0.021116 seconds
Number of updated asset objects reloaded before import = 0
Number of asset objects unloaded after import = 1
========================================================================
Received Import Request.
  Time since last request: 0.000069 seconds.
  path: Assets/Plugins/Zenject/Source/Binding/Binders/GameObject/NameTransformScopeConcreteIdArgConditionCopyNonLazyBinder.cs
  artifactKey: Guid(74c9bb72aa7484d49a39760d2246f1a3) Importer(2089858483,0ecaa5967403d082aa24f35e1b516d23)
Start importing Assets/Plugins/Zenject/Source/Binding/Binders/GameObject/NameTransformScopeConcreteIdArgConditionCopyNonLazyBinder.cs using Guid(74c9bb72aa7484d49a39760d2246f1a3) Importer(2089858483,0ecaa5967403d082aa24f35e1b516d23) [PhysX] Initialized MultithreadedTaskDispatcher with 20 workers.
 -> (artifact id: '4c8fb77c0037c123255975658a52a4dc') in 0.025475 seconds
Number of updated asset objects reloaded before import = 0
Number of asset objects unloaded after import = 1
========================================================================
Received Import Request.
  Time since last request: 0.000163 seconds.
  path: Assets/Plugins/Zenject/Source/Factories/Pooling/Util/HashSetPool.cs
  artifactKey: Guid(89c66035001289a4199cb04e17d0bc28) Importer(2089858483,0ecaa5967403d082aa24f35e1b516d23)
Start importing Assets/Plugins/Zenject/Source/Factories/Pooling/Util/HashSetPool.cs using Guid(89c66035001289a4199cb04e17d0bc28) Importer(2089858483,0ecaa5967403d082aa24f35e1b516d23) [PhysX] Initialized MultithreadedTaskDispatcher with 20 workers.
 -> (artifact id: '728d28011388e04c870d332b8bf4599e') in 0.019635 seconds
Number of updated asset objects reloaded before import = 0
Number of asset objects unloaded after import = 1
========================================================================
Received Import Request.
  Time since last request: 0.000121 seconds.
  path: Assets/Plugins/Zenject/Source/Binding/Binders/Factory/FactoryArgumentsToChoiceBinder/FactoryArgumentsToChoiceBinder6.cs
  artifactKey: Guid(22836272211e07a459544765e2e7c098) Importer(2089858483,0ecaa5967403d082aa24f35e1b516d23)
Start importing Assets/Plugins/Zenject/Source/Binding/Binders/Factory/FactoryArgumentsToChoiceBinder/FactoryArgumentsToChoiceBinder6.cs using Guid(22836272211e07a459544765e2e7c098) Importer(2089858483,0ecaa5967403d082aa24f35e1b516d23) [PhysX] Initialized MultithreadedTaskDispatcher with 20 workers.
 -> (artifact id: '8ad754e77d7b5d26c55fcc434af6c743') in 0.019918 seconds
Number of updated asset objects reloaded before import = 0
Number of asset objects unloaded after import = 1
========================================================================
Received Import Request.
  Time since last request: 0.000022 seconds.
  path: Assets/Plugins/Zenject/Source/Binding/Binders/Factory/FactoryFromBinder/FactoryFromBinder0.cs
  artifactKey: Guid(fd0f7feaafd2cc44da895162de285da7) Importer(2089858483,0ecaa5967403d082aa24f35e1b516d23)
Start importing Assets/Plugins/Zenject/Source/Binding/Binders/Factory/FactoryFromBinder/FactoryFromBinder0.cs using Guid(fd0f7feaafd2cc44da895162de285da7) Importer(2089858483,0ecaa5967403d082aa24f35e1b516d23) [PhysX] Initialized MultithreadedTaskDispatcher with 20 workers.
 -> (artifact id: 'b01b49be7d92cf4bcb1e172c27c0de11') in 0.021389 seconds
Number of updated asset objects reloaded before import = 0
Number of asset objects unloaded after import = 1
========================================================================
Received Import Request.
  Time since last request: 0.000029 seconds.
  path: Assets/Skybox/CoriolisNight4k.hdr
  artifactKey: Guid(354036e57ae357148aed267204ce73a7) Importer(2089858483,0ecaa5967403d082aa24f35e1b516d23)
Start importing Assets/Skybox/CoriolisNight4k.hdr using Guid(354036e57ae357148aed267204ce73a7) Importer(2089858483,0ecaa5967403d082aa24f35e1b516d23) [PhysX] Initialized MultithreadedTaskDispatcher with 20 workers.
 -> (artifact id: '62e07b6191c96d9e948f33329d32d71d') in 0.066283 seconds
Number of updated asset objects reloaded before import = 0
Number of asset objects unloaded after import = 1
========================================================================
Received Import Request.
  Time since last request: 0.000025 seconds.
  path: Assets/Scripts/Commons/GameObjectPool.cs
  artifactKey: Guid(0d35545dbc124a11b514ed60bb0f65d0) Importer(2089858483,0ecaa5967403d082aa24f35e1b516d23)
Start importing Assets/Scripts/Commons/GameObjectPool.cs using Guid(0d35545dbc124a11b514ed60bb0f65d0) Importer(2089858483,0ecaa5967403d082aa24f35e1b516d23) [PhysX] Initialized MultithreadedTaskDispatcher with 20 workers.
 -> (artifact id: '327ffefa151ab569cd7d1f4e16b4ff88') in 0.020498 seconds
Number of updated asset objects reloaded before import = 0
Number of asset objects unloaded after import = 1
========================================================================
Received Import Request.
  Time since last request: 0.000076 seconds.
  path: Assets/Plugins/Zenject/Source/Util/DefaultGameObjectParentInstaller.cs
  artifactKey: Guid(dd79d0a4f0b28314cbd6701ff5ab9062) Importer(2089858483,0ecaa5967403d082aa24f35e1b516d23)
Start importing Assets/Plugins/Zenject/Source/Util/DefaultGameObjectParentInstaller.cs using Guid(dd79d0a4f0b28314cbd6701ff5ab9062) Importer(2089858483,0ecaa5967403d082aa24f35e1b516d23) [PhysX] Initialized MultithreadedTaskDispatcher with 20 workers.
 -> (artifact id: '994e8645b65d6156b5cd839c53ab39a1') in 0.021596 seconds
Number of updated asset objects reloaded before import = 0
Number of asset objects unloaded after import = 1
========================================================================
Received Import Request.
  Time since last request: 0.000059 seconds.
  path: Assets/Plugins/Zenject/Source/Util/ZenPools.cs
  artifactKey: Guid(14ff296505fe79448b0c79ec09977477) Importer(2089858483,0ecaa5967403d082aa24f35e1b516d23)
Start importing Assets/Plugins/Zenject/Source/Util/ZenPools.cs using Guid(14ff296505fe79448b0c79ec09977477) Importer(2089858483,0ecaa5967403d082aa24f35e1b516d23) [PhysX] Initialized MultithreadedTaskDispatcher with 20 workers.
 -> (artifact id: '2d5c51f2726a7f9cba0c28567798d199') in 0.023556 seconds
Number of updated asset objects reloaded before import = 0
Number of asset objects unloaded after import = 1
========================================================================
Received Import Request.
  Time since last request: 0.000020 seconds.
  path: Assets/Scripts/Commons/EffectPool.cs
  artifactKey: Guid(8847b3a21ef44b1c99f1a93ea422442c) Importer(2089858483,0ecaa5967403d082aa24f35e1b516d23)
Start importing Assets/Scripts/Commons/EffectPool.cs using Guid(8847b3a21ef44b1c99f1a93ea422442c) Importer(2089858483,0ecaa5967403d082aa24f35e1b516d23) [PhysX] Initialized MultithreadedTaskDispatcher with 20 workers.
 -> (artifact id: 'f8c7ec7101549b15c64fd67f672a267f') in 0.021062 seconds
Number of updated asset objects reloaded before import = 0
Number of asset objects unloaded after import = 1
========================================================================
Received Import Request.
  Time since last request: 0.000020 seconds.
  path: Assets/Plugins/Zenject/Source/Providers/SubContainerCreators/SubContainerCreatorByMethod.cs
  artifactKey: Guid(5f4bb37c4e2a5bf44865ed1ab3bef21e) Importer(2089858483,0ecaa5967403d082aa24f35e1b516d23)
Start importing Assets/Plugins/Zenject/Source/Providers/SubContainerCreators/SubContainerCreatorByMethod.cs using Guid(5f4bb37c4e2a5bf44865ed1ab3bef21e) Importer(2089858483,0ecaa5967403d082aa24f35e1b516d23) [PhysX] Initialized MultithreadedTaskDispatcher with 20 workers.
 -> (artifact id: '2e31a202b08e9f71bd4450738b39a1b3') in 0.023029 seconds
Number of updated asset objects reloaded before import = 0
Number of asset objects unloaded after import = 1
========================================================================
Received Import Request.
  Time since last request: 0.000116 seconds.
  path: Assets/Plugins/Zenject/Source/Main/SingletonMarkRegistry.cs
  artifactKey: Guid(3844511961cf2ee40948fbe1569a2f31) Importer(2089858483,0ecaa5967403d082aa24f35e1b516d23)
Start importing Assets/Plugins/Zenject/Source/Main/SingletonMarkRegistry.cs using Guid(3844511961cf2ee40948fbe1569a2f31) Importer(2089858483,0ecaa5967403d082aa24f35e1b516d23) [PhysX] Initialized MultithreadedTaskDispatcher with 20 workers.
 -> (artifact id: 'fbac7bf54efc0283ead9d0439aea6866') in 0.023975 seconds
Number of updated asset objects reloaded before import = 0
Number of asset objects unloaded after import = 1
========================================================================
Received Import Request.
  Time since last request: 0.004594 seconds.
  path: Assets/Plugins/Zenject/Source/Binding/Binders/Factory/FactoryToChoiceIdBinder/FactoryToChoiceIdBinder0.cs
  artifactKey: Guid(dca817e151a0eac4480344dcf838b949) Importer(2089858483,0ecaa5967403d082aa24f35e1b516d23)
Start importing Assets/Plugins/Zenject/Source/Binding/Binders/Factory/FactoryToChoiceIdBinder/FactoryToChoiceIdBinder0.cs using Guid(dca817e151a0eac4480344dcf838b949) Importer(2089858483,0ecaa5967403d082aa24f35e1b516d23) [PhysX] Initialized MultithreadedTaskDispatcher with 20 workers.
 -> (artifact id: '107cb1e112145c9591a7787ff496235b') in 0.020841 seconds
Number of updated asset objects reloaded before import = 0
Number of asset objects unloaded after import = 1
========================================================================
Received Import Request.
  Time since last request: 0.000023 seconds.
  path: Assets/Plugins/Zenject/Source/Binding/Binders/Factory/FactoryToChoiceIdBinder/FactoryToChoiceIdBinder10.cs
  artifactKey: Guid(3e0b2700788fac54698446fcfad2b705) Importer(2089858483,0ecaa5967403d082aa24f35e1b516d23)
Start importing Assets/Plugins/Zenject/Source/Binding/Binders/Factory/FactoryToChoiceIdBinder/FactoryToChoiceIdBinder10.cs using Guid(3e0b2700788fac54698446fcfad2b705) Importer(2089858483,0ecaa5967403d082aa24f35e1b516d23) [PhysX] Initialized MultithreadedTaskDispatcher with 20 workers.
 -> (artifact id: '0984c18ca692a8a177d52473b153e913') in 0.019974 seconds
Number of updated asset objects reloaded before import = 0
Number of asset objects unloaded after import = 1
========================================================================
Received Import Request.
  Time since last request: 0.000057 seconds.
  path: Assets/Plugins/Zenject/Source/Binding/Binders/Factory/FactoryToChoiceIdBinder/FactoryToChoiceIdBinder4.cs
  artifactKey: Guid(e65744c901e080744aada3988bfdf11c) Importer(2089858483,0ecaa5967403d082aa24f35e1b516d23)
Start importing Assets/Plugins/Zenject/Source/Binding/Binders/Factory/FactoryToChoiceIdBinder/FactoryToChoiceIdBinder4.cs using Guid(e65744c901e080744aada3988bfdf11c) Importer(2089858483,0ecaa5967403d082aa24f35e1b516d23) [PhysX] Initialized MultithreadedTaskDispatcher with 20 workers.
 -> (artifact id: '5a33aaceb3389bb3ec3f0c9288354aa0') in 0.021296 seconds
Number of updated asset objects reloaded before import = 0
Number of asset objects unloaded after import = 1
========================================================================
Received Import Request.
  Time since last request: 0.000022 seconds.
  path: Assets/Plugins/Zenject/Source/Binding/Binders/Factory/FactoryToChoiceIdBinder/FactoryToChoiceIdBinder5.cs
  artifactKey: Guid(20b01a4cfa147764a9e52134e2a32bb4) Importer(2089858483,0ecaa5967403d082aa24f35e1b516d23)
Start importing Assets/Plugins/Zenject/Source/Binding/Binders/Factory/FactoryToChoiceIdBinder/FactoryToChoiceIdBinder5.cs using Guid(20b01a4cfa147764a9e52134e2a32bb4) Importer(2089858483,0ecaa5967403d082aa24f35e1b516d23) [PhysX] Initialized MultithreadedTaskDispatcher with 20 workers.
 -> (artifact id: '39e3a3e36277aeab11ed5236cb1ce29c') in 0.018229 seconds
Number of updated asset objects reloaded before import = 0
Number of asset objects unloaded after import = 1
========================================================================
Received Import Request.
  Time since last request: 0.000069 seconds.
  path: Assets/Plugins/Zenject/Source/Binding/Binders/Factory/Pooling/MemoryPoolInitialSizeBinder.cs
  artifactKey: Guid(80ff9e6d501d30d4a82639f4ae453712) Importer(2089858483,0ecaa5967403d082aa24f35e1b516d23)
Start importing Assets/Plugins/Zenject/Source/Binding/Binders/Factory/Pooling/MemoryPoolInitialSizeBinder.cs using Guid(80ff9e6d501d30d4a82639f4ae453712) Importer(2089858483,0ecaa5967403d082aa24f35e1b516d23) [PhysX] Initialized MultithreadedTaskDispatcher with 20 workers.
 -> (artifact id: 'bb39fcd8292e028261ad1ef07c1c3531') in 0.019553 seconds
Number of updated asset objects reloaded before import = 0
Number of asset objects unloaded after import = 1
Editor requested this worker to shutdown with reason: Scaling down because of idle timeout
TcpMessagingSession - receive error: operation aborted. errorcode: 995, details: Операция ввода/вывода была прервана из-за завершения потока команд или по запросу приложения.
AssetImportWorker is now disconnected from the server
Process exiting
Exiting without the bug reporter. Application will terminate with return code 0